datetime_utc,odds_a_pct,odds_b_pct,combined_pct,end_date_utc,source
2025-12-16T00:09:55Z,100.0000,0.0000,100.0000,2025-12-10T00:00:00Z,gamma:fed-decreases-interest-rates-by-25-bps-after-december-2025-meeting|fed-decreases-interest-rates-by-50-bps-after-december-2025-meeting
2025-12-16T00:20:23Z,0.0000,0.0000,0.0000,2020-11-04T00:00:00Z,gamma|mt=december 2025|25=will-joe-biden-get-coronavirus-before-the-election|50=will-joe-biden-get-coronavirus-before-the-election
2025-12-16T00:28:41Z,0.0000,0.0000,0.0000,2020-11-04T00:00:00Z,gamma|mt=december 2025|25=will-joe-biden-get-coronavirus-before-the-election|50=will-joe-biden-get-coronavirus-before-the-election|window_days=45
2025-12-16T00:33:29Z,0.0000,0.0000,0.0000,2020-11-04T00:00:00Z,gamma|mt=december 2025|25=will-joe-biden-get-coronavirus-before-the-election|50=will-joe-biden-get-coronavirus-before-the-election|window_days=60
2025-12-16T00:42:14Z,100.0000,0.0000,100.0000,,gamma|mt=december 2025|25=fed-decreases-interest-rates-by-25-bps-after-december-2025-meeting|50=fed-decreases-interest-rates-by-50-bps-after-december-2025-meeting|window_days=60
2025-12-16T03:51:25Z,POLY,N/A,43.5000,38.5000,82.0000,2026-06-17T00:00:00Z,fed-decision-in-june-825,will-there-be-no-change-in-fed-interest-rates-after-the-june-2026-meeting,will-the-fed-decrease-interest-rates-by-25-bps-after-the-june-2026-meeting,No change,Cut 25bp
2025-12-16T03:55:01Z,POLY,N/A,43.5000,39.5000,83.0000,2026-06-17T00:00:00Z,fed-decision-in-june-825,will-there-be-no-change-in-fed-interest-rates-after-the-june-2026-meeting,will-the-fed-decrease-interest-rates-by-25-bps-after-the-june-2026-meeting,No change,Cut 25bp
2025-12-16T03:57:51Z,POLY,N/A,76.5000,20.5000,97.0000,2026-01-28T00:00:00Z,fed-decision-in-january,no-change-in-fed-interest-rates-after-january-2026-meeting,fed-decreases-interest-rates-by-25-bps-after-january-2026-meeting,No change,Cut 25bp
2025-12-16T04:00:01Z,POLY,N/A,76.5000,20.5000,97.0000,2026-01-28T00:00:00Z,fed-decision-in-january,no-change-in-fed-interest-rates-after-january-2026-meeting,fed-decreases-interest-rates-by-25-bps-after-january-2026-meeting,No change,Cut 25bp
2025-12-16T04:05:01Z,POLY,N/A,76.5000,20.5000,97.0000,2026-01-28T00:00:00Z,fed-decision-in-january,no-change-in-fed-interest-rates-after-january-2026-meeting,fed-decreases-interest-rates-by-25-bps-after-january-2026-meeting,No change,Cut 25bp
2025-12-16T04:10:02Z,POLY,N/A,76.5000,20.5000,97.0000,2026-01-28T00:00:00Z,fed-decision-in-january,no-change-in-fed-interest-rates-after-january-2026-meeting,fed-decreases-interest-rates-by-25-bps-after-january-2026-meeting,No change,Cut 25bp
2025-12-16T04:15:02Z,POLY,N/A,76.5000,20.5000,97.0000,2026-01-28T00:00:00Z,fed-decision-in-january,no-change-in-fed-interest-rates-after-january-2026-meeting,fed-decreases-interest-rates-by-25-bps-after-january-2026-meeting,No change,Cut 25bp
2025-12-16T04:20:01Z,POLY,N/A,76.5000,20.5000,97.0000,2026-01-28T00:00:00Z,fed-decision-in-january,no-change-in-fed-interest-rates-after-january-2026-meeting,fed-decreases-interest-rates-by-25-bps-after-january-2026-meeting,No change,Cut 25bp
2025-12-16T04:25:02Z,POLY,N/A,76.5000,20.5000,97.0000,2026-01-28T00:00:00Z,fed-decision-in-january,no-change-in-fed-interest-rates-after-january-2026-meeting,fed-decreases-interest-rates-by-25-bps-after-january-2026-meeting,No change,Cut 25bp
2025-12-16T04:30:02Z,POLY,N/A,76.5000,20.5000,97.0000,2026-01-28T00:00:00Z,fed-decision-in-january,no-change-in-fed-interest-rates-after-january-2026-meeting,fed-decreases-interest-rates-by-25-bps-after-january-2026-meeting,No change,Cut 25bp
2025-12-16T04:35:02Z,POLY,N/A,76.5000,20.5000,97.0000,2026-01-28T00:00:00Z,fed-decision-in-january,no-change-in-fed-interest-rates-after-january-2026-meeting,fed-decreases-interest-rates-by-25-bps-after-january-2026-meeting,No change,Cut 25bp
2025-12-16T04:40:02Z,POLY,N/A,76.5000,20.5000,97.0000,2026-01-28T00:00:00Z,fed-decision-in-january,no-change-in-fed-interest-rates-after-january-2026-meeting,fed-decreases-interest-rates-by-25-bps-after-january-2026-meeting,No change,Cut 25bp
2025-12-16T04:45:01Z,POLY,N/A,76.5000,20.5000,97.0000,2026-01-28T00:00:00Z,fed-decision-in-january,no-change-in-fed-interest-rates-after-january-2026-meeting,fed-decreases-interest-rates-by-25-bps-after-january-2026-meeting,No change,Cut 25bp
2025-12-16T04:49:45Z,POLY,N/A,76.5000,20.5000,97.0000,2026-01-28T00:00:00Z,fed-decision-in-january,no-change-in-fed-interest-rates-after-january-2026-meeting,fed-decreases-interest-rates-by-25-bps-after-january-2026-meeting,No change,Cut 25bp
2025-12-16T04:50:01Z,POLY,N/A,76.5000,20.5000,97.0000,2026-01-28T00:00:00Z,fed-decision-in-january,no-change-in-fed-interest-rates-after-january-2026-meeting,fed-decreases-interest-rates-by-25-bps-after-january-2026-meeting,No change,Cut 25bp
2025-12-16T04:55:02Z,POLY,N/A,76.5000,20.5000,97.0000,2026-01-28T00:00:00Z,fed-decision-in-january,no-change-in-fed-interest-rates-after-january-2026-meeting,fed-decreases-interest-rates-by-25-bps-after-january-2026-meeting,No change,Cut 25bp
2025-12-16T05:00:01Z,POLY,N/A,76.5000,20.5000,97.0000,2026-01-28T00:00:00Z,fed-decision-in-january,no-change-in-fed-interest-rates-after-january-2026-meeting,fed-decreases-interest-rates-by-25-bps-after-january-2026-meeting,No change,Cut 25bp
2025-12-16T05:05:01Z,POLY,N/A,76.5000,20.5000,97.0000,2026-01-28T00:00:00Z,fed-decision-in-january,no-change-in-fed-interest-rates-after-january-2026-meeting,fed-decreases-interest-rates-by-25-bps-after-january-2026-meeting,No change,Cut 25bp
2025-12-16T05:10:02Z,POLY,N/A,76.5000,20.5000,97.0000,2026-01-28T00:00:00Z,fed-decision-in-january,no-change-in-fed-interest-rates-after-january-2026-meeting,fed-decreases-interest-rates-by-25-bps-after-january-2026-meeting,No change,Cut 25bp
2025-12-16T05:15:01Z,POLY,N/A,76.5000,20.5000,97.0000,2026-01-28T00:00:00Z,fed-decision-in-january,no-change-in-fed-interest-rates-after-january-2026-meeting,fed-decreases-interest-rates-by-25-bps-after-january-2026-meeting,No change,Cut 25bp
2025-12-16T05:20:02Z,POLY,N/A,76.5000,20.5000,97.0000,2026-01-28T00:00:00Z,fed-decision-in-january,no-change-in-fed-interest-rates-after-january-2026-meeting,fed-decreases-interest-rates-by-25-bps-after-january-2026-meeting,No change,Cut 25bp
2025-12-16T05:25:01Z,POLY,N/A,76.5000,20.5000,97.0000,2026-01-28T00:00:00Z,fed-decision-in-january,no-change-in-fed-interest-rates-after-january-2026-meeting,fed-decreases-interest-rates-by-25-bps-after-january-2026-meeting,No change,Cut 25bp
2025-12-16T05:30:01Z,POLY,N/A,76.5000,20.5000,97.0000,2026-01-28T00:00:00Z,fed-decision-in-january,no-change-in-fed-interest-rates-after-january-2026-meeting,fed-decreases-interest-rates-by-25-bps-after-january-2026-meeting,No change,Cut 25bp
2025-12-16T05:35:02Z,POLY,N/A,76.5000,20.5000,97.0000,2026-01-28T00:00:00Z,fed-decision-in-january,no-change-in-fed-interest-rates-after-january-2026-meeting,fed-decreases-interest-rates-by-25-bps-after-january-2026-meeting,No change,Cut 25bp
2025-12-16T05:40:02Z,POLY,N/A,76.5000,20.5000,97.0000,2026-01-28T00:00:00Z,fed-decision-in-january,no-change-in-fed-interest-rates-after-january-2026-meeting,fed-decreases-interest-rates-by-25-bps-after-january-2026-meeting,No change,Cut 25bp
2025-12-16T05:45:02Z,POLY,N/A,76.5000,20.5000,97.0000,2026-01-28T00:00:00Z,fed-decision-in-january,no-change-in-fed-interest-rates-after-january-2026-meeting,fed-decreases-interest-rates-by-25-bps-after-january-2026-meeting,No change,Cut 25bp
2025-12-16T05:50:02Z,POLY,N/A,76.5000,20.5000,97.0000,2026-01-28T00:00:00Z,fed-decision-in-january,no-change-in-fed-interest-rates-after-january-2026-meeting,fed-decreases-interest-rates-by-25-bps-after-january-2026-meeting,No change,Cut 25bp
2025-12-16T05:55:01Z,POLY,N/A,76.5000,20.5000,97.0000,2026-01-28T00:00:00Z,fed-decision-in-january,no-change-in-fed-interest-rates-after-january-2026-meeting,fed-decreases-interest-rates-by-25-bps-after-january-2026-meeting,No change,Cut 25bp
2025-12-16T06:00:01Z,POLY,N/A,76.5000,20.5000,97.0000,2026-01-28T00:00:00Z,fed-decision-in-january,no-change-in-fed-interest-rates-after-january-2026-meeting,fed-decreases-interest-rates-by-25-bps-after-january-2026-meeting,No change,Cut 25bp
2025-12-16T06:05:01Z,POLY,N/A,76.5000,20.5000,97.0000,2026-01-28T00:00:00Z,fed-decision-in-january,no-change-in-fed-interest-rates-after-january-2026-meeting,fed-decreases-interest-rates-by-25-bps-after-january-2026-meeting,No change,Cut 25bp
2025-12-16T06:10:01Z,POLY,N/A,76.5000,20.5000,97.0000,2026-01-28T00:00:00Z,fed-decision-in-january,no-change-in-fed-interest-rates-after-january-2026-meeting,fed-decreases-interest-rates-by-25-bps-after-january-2026-meeting,No change,Cut 25bp
2025-12-16T06:15:02Z,POLY,N/A,76.5000,20.5000,97.0000,2026-01-28T00:00:00Z,fed-decision-in-january,no-change-in-fed-interest-rates-after-january-2026-meeting,fed-decreases-interest-rates-by-25-bps-after-january-2026-meeting,No change,Cut 25bp
2025-12-16T06:20:01Z,POLY,N/A,76.5000,20.5000,97.0000,2026-01-28T00:00:00Z,fed-decision-in-january,no-change-in-fed-interest-rates-after-january-2026-meeting,fed-decreases-interest-rates-by-25-bps-after-january-2026-meeting,No change,Cut 25bp
2025-12-16T06:25:02Z,POLY,N/A,76.5000,20.5000,97.0000,2026-01-28T00:00:00Z,fed-decision-in-january,no-change-in-fed-interest-rates-after-january-2026-meeting,fed-decreases-interest-rates-by-25-bps-after-january-2026-meeting,No change,Cut 25bp
2025-12-16T06:30:02Z,POLY,N/A,76.5000,20.5000,97.0000,2026-01-28T00:00:00Z,fed-decision-in-january,no-change-in-fed-interest-rates-after-january-2026-meeting,fed-decreases-interest-rates-by-25-bps-after-january-2026-meeting,No change,Cut 25bp
2025-12-16T06:35:01Z,POLY,N/A,76.5000,20.5000,97.0000,2026-01-28T00:00:00Z,fed-decision-in-january,no-change-in-fed-interest-rates-after-january-2026-meeting,fed-decreases-interest-rates-by-25-bps-after-january-2026-meeting,No change,Cut 25bp
2025-12-16T06:40:01Z,POLY,N/A,76.5000,20.5000,97.0000,2026-01-28T00:00:00Z,fed-decision-in-january,no-change-in-fed-interest-rates-after-january-2026-meeting,fed-decreases-interest-rates-by-25-bps-after-january-2026-meeting,No change,Cut 25bp
2025-12-16T06:45:01Z,POLY,N/A,76.5000,20.5000,97.0000,2026-01-28T00:00:00Z,fed-decision-in-january,no-change-in-fed-interest-rates-after-january-2026-meeting,fed-decreases-interest-rates-by-25-bps-after-january-2026-meeting,No change,Cut 25bp
2025-12-16T06:50:02Z,POLY,N/A,76.5000,20.5000,97.0000,2026-01-28T00:00:00Z,fed-decision-in-january,no-change-in-fed-interest-rates-after-january-2026-meeting,fed-decreases-interest-rates-by-25-bps-after-january-2026-meeting,No change,Cut 25bp
2025-12-16T06:55:01Z,POLY,N/A,76.5000,20.5000,97.0000,2026-01-28T00:00:00Z,fed-decision-in-january,no-change-in-fed-interest-rates-after-january-2026-meeting,fed-decreases-interest-rates-by-25-bps-after-january-2026-meeting,No change,Cut 25bp
2025-12-16T07:00:01Z,POLY,N/A,76.5000,20.5000,97.0000,2026-01-28T00:00:00Z,fed-decision-in-january,no-change-in-fed-interest-rates-after-january-2026-meeting,fed-decreases-interest-rates-by-25-bps-after-january-2026-meeting,No change,Cut 25bp
2025-12-16T07:05:01Z,POLY,N/A,76.5000,20.5000,97.0000,2026-01-28T00:00:00Z,fed-decision-in-january,no-change-in-fed-interest-rates-after-january-2026-meeting,fed-decreases-interest-rates-by-25-bps-after-january-2026-meeting,No change,Cut 25bp
2025-12-16T07:10:02Z,POLY,N/A,76.5000,20.5000,97.0000,2026-01-28T00:00:00Z,fed-decision-in-january,no-change-in-fed-interest-rates-after-january-2026-meeting,fed-decreases-interest-rates-by-25-bps-after-january-2026-meeting,No change,Cut 25bp
2025-12-16T07:15:01Z,POLY,N/A,76.5000,20.5000,97.0000,2026-01-28T00:00:00Z,fed-decision-in-january,no-change-in-fed-interest-rates-after-january-2026-meeting,fed-decreases-interest-rates-by-25-bps-after-january-2026-meeting,No change,Cut 25bp
2025-12-16T07:20:01Z,POLY,N/A,76.5000,20.5000,97.0000,2026-01-28T00:00:00Z,fed-decision-in-january,no-change-in-fed-interest-rates-after-january-2026-meeting,fed-decreases-interest-rates-by-25-bps-after-january-2026-meeting,No change,Cut 25bp
2025-12-16T07:25:02Z,POLY,N/A,76.5000,20.5000,97.0000,2026-01-28T00:00:00Z,fed-decision-in-january,no-change-in-fed-interest-rates-after-january-2026-meeting,fed-decreases-interest-rates-by-25-bps-after-january-2026-meeting,No change,Cut 25bp
2025-12-16T07:30:01Z,POLY,N/A,76.5000,20.5000,97.0000,2026-01-28T00:00:00Z,fed-decision-in-january,no-change-in-fed-interest-rates-after-january-2026-meeting,fed-decreases-interest-rates-by-25-bps-after-january-2026-meeting,No change,Cut 25bp
2025-12-16T07:35:01Z,POLY,N/A,76.5000,20.5000,97.0000,2026-01-28T00:00:00Z,fed-decision-in-january,no-change-in-fed-interest-rates-after-january-2026-meeting,fed-decreases-interest-rates-by-25-bps-after-january-2026-meeting,No change,Cut 25bp
2025-12-16T07:40:01Z,POLY,N/A,76.5000,20.5000,97.0000,2026-01-28T00:00:00Z,fed-decision-in-january,no-change-in-fed-interest-rates-after-january-2026-meeting,fed-decreases-interest-rates-by-25-bps-after-january-2026-meeting,No change,Cut 25bp
2025-12-16T07:45:02Z,POLY,N/A,76.5000,20.5000,97.0000,2026-01-28T00:00:00Z,fed-decision-in-january,no-change-in-fed-interest-rates-after-january-2026-meeting,fed-decreases-interest-rates-by-25-bps-after-january-2026-meeting,No change,Cut 25bp
2025-12-16T07:50:02Z,POLY,N/A,76.5000,20.5000,97.0000,2026-01-28T00:00:00Z,fed-decision-in-january,no-change-in-fed-interest-rates-after-january-2026-meeting,fed-decreases-interest-rates-by-25-bps-after-january-2026-meeting,No change,Cut 25bp
2025-12-16T07:55:01Z,POLY,N/A,76.5000,20.5000,97.0000,2026-01-28T00:00:00Z,fed-decision-in-january,no-change-in-fed-interest-rates-after-january-2026-meeting,fed-decreases-interest-rates-by-25-bps-after-january-2026-meeting,No change,Cut 25bp
2025-12-16T08:00:01Z,POLY,N/A,76.5000,20.5000,97.0000,2026-01-28T00:00:00Z,fed-decision-in-january,no-change-in-fed-interest-rates-after-january-2026-meeting,fed-decreases-interest-rates-by-25-bps-after-january-2026-meeting,No change,Cut 25bp
2025-12-16T08:05:02Z,POLY,N/A,76.5000,20.5000,97.0000,2026-01-28T00:00:00Z,fed-decision-in-january,no-change-in-fed-interest-rates-after-january-2026-meeting,fed-decreases-interest-rates-by-25-bps-after-january-2026-meeting,No change,Cut 25bp
2025-12-16T08:10:02Z,POLY,N/A,76.5000,20.5000,97.0000,2026-01-28T00:00:00Z,fed-decision-in-january,no-change-in-fed-interest-rates-after-january-2026-meeting,fed-decreases-interest-rates-by-25-bps-after-january-2026-meeting,No change,Cut 25bp
2025-12-16T08:15:01Z,POLY,N/A,76.5000,20.5000,97.0000,2026-01-28T00:00:00Z,fed-decision-in-january,no-change-in-fed-interest-rates-after-january-2026-meeting,fed-decreases-interest-rates-by-25-bps-after-january-2026-meeting,No change,Cut 25bp
2025-12-16T08:20:01Z,POLY,N/A,76.5000,20.5000,97.0000,2026-01-28T00:00:00Z,fed-decision-in-january,no-change-in-fed-interest-rates-after-january-2026-meeting,fed-decreases-interest-rates-by-25-bps-after-january-2026-meeting,No change,Cut 25bp
2025-12-16T08:25:02Z,POLY,N/A,76.5000,20.5000,97.0000,2026-01-28T00:00:00Z,fed-decision-in-january,no-change-in-fed-interest-rates-after-january-2026-meeting,fed-decreases-interest-rates-by-25-bps-after-january-2026-meeting,No change,Cut 25bp
2025-12-16T08:30:02Z,POLY,N/A,76.5000,20.5000,97.0000,2026-01-28T00:00:00Z,fed-decision-in-january,no-change-in-fed-interest-rates-after-january-2026-meeting,fed-decreases-interest-rates-by-25-bps-after-january-2026-meeting,No change,Cut 25bp
2025-12-16T08:35:01Z,POLY,N/A,76.5000,20.5000,97.0000,2026-01-28T00:00:00Z,fed-decision-in-january,no-change-in-fed-interest-rates-after-january-2026-meeting,fed-decreases-interest-rates-by-25-bps-after-january-2026-meeting,No change,Cut 25bp
2025-12-16T08:40:01Z,POLY,N/A,76.5000,20.5000,97.0000,2026-01-28T00:00:00Z,fed-decision-in-january,no-change-in-fed-interest-rates-after-january-2026-meeting,fed-decreases-interest-rates-by-25-bps-after-january-2026-meeting,No change,Cut 25bp
2025-12-16T08:45:01Z,POLY,N/A,76.5000,20.5000,97.0000,2026-01-28T00:00:00Z,fed-decision-in-january,no-change-in-fed-interest-rates-after-january-2026-meeting,fed-decreases-interest-rates-by-25-bps-after-january-2026-meeting,No change,Cut 25bp
2025-12-16T08:50:01Z,POLY,N/A,76.5000,20.5000,97.0000,2026-01-28T00:00:00Z,fed-decision-in-january,no-change-in-fed-interest-rates-after-january-2026-meeting,fed-decreases-interest-rates-by-25-bps-after-january-2026-meeting,No change,Cut 25bp
2025-12-16T08:55:01Z,POLY,N/A,76.5000,20.5000,97.0000,2026-01-28T00:00:00Z,fed-decision-in-january,no-change-in-fed-interest-rates-after-january-2026-meeting,fed-decreases-interest-rates-by-25-bps-after-january-2026-meeting,No change,Cut 25bp
2025-12-16T09:00:01Z,POLY,N/A,76.5000,20.5000,97.0000,2026-01-28T00:00:00Z,fed-decision-in-january,no-change-in-fed-interest-rates-after-january-2026-meeting,fed-decreases-interest-rates-by-25-bps-after-january-2026-meeting,No change,Cut 25bp
2025-12-16T09:05:02Z,POLY,N/A,76.5000,20.5000,97.0000,2026-01-28T00:00:00Z,fed-decision-in-january,no-change-in-fed-interest-rates-after-january-2026-meeting,fed-decreases-interest-rates-by-25-bps-after-january-2026-meeting,No change,Cut 25bp
2025-12-16T09:10:02Z,POLY,N/A,76.5000,20.5000,97.0000,2026-01-28T00:00:00Z,fed-decision-in-january,no-change-in-fed-interest-rates-after-january-2026-meeting,fed-decreases-interest-rates-by-25-bps-after-january-2026-meeting,No change,Cut 25bp
2025-12-16T09:15:01Z,POLY,N/A,76.5000,20.5000,97.0000,2026-01-28T00:00:00Z,fed-decision-in-january,no-change-in-fed-interest-rates-after-january-2026-meeting,fed-decreases-interest-rates-by-25-bps-after-january-2026-meeting,No change,Cut 25bp
2025-12-16T09:20:01Z,POLY,N/A,76.5000,20.5000,97.0000,2026-01-28T00:00:00Z,fed-decision-in-january,no-change-in-fed-interest-rates-after-january-2026-meeting,fed-decreases-interest-rates-by-25-bps-after-january-2026-meeting,No change,Cut 25bp
2025-12-16T09:25:01Z,POLY,N/A,76.5000,20.5000,97.0000,2026-01-28T00:00:00Z,fed-decision-in-january,no-change-in-fed-interest-rates-after-january-2026-meeting,fed-decreases-interest-rates-by-25-bps-after-january-2026-meeting,No change,Cut 25bp
2025-12-16T09:30:01Z,POLY,N/A,76.5000,20.5000,97.0000,2026-01-28T00:00:00Z,fed-decision-in-january,no-change-in-fed-interest-rates-after-january-2026-meeting,fed-decreases-interest-rates-by-25-bps-after-january-2026-meeting,No change,Cut 25bp
2025-12-16T09:35:02Z,POLY,N/A,76.5000,20.5000,97.0000,2026-01-28T00:00:00Z,fed-decision-in-january,no-change-in-fed-interest-rates-after-january-2026-meeting,fed-decreases-interest-rates-by-25-bps-after-january-2026-meeting,No change,Cut 25bp
2025-12-16T09:40:01Z,POLY,N/A,76.5000,20.5000,97.0000,2026-01-28T00:00:00Z,fed-decision-in-january,no-change-in-fed-interest-rates-after-january-2026-meeting,fed-decreases-interest-rates-by-25-bps-after-january-2026-meeting,No change,Cut 25bp
2025-12-16T09:45:02Z,POLY,N/A,76.5000,20.5000,97.0000,2026-01-28T00:00:00Z,fed-decision-in-january,no-change-in-fed-interest-rates-after-january-2026-meeting,fed-decreases-interest-rates-by-25-bps-after-january-2026-meeting,No change,Cut 25bp
2025-12-16T09:50:01Z,POLY,N/A,76.5000,20.5000,97.0000,2026-01-28T00:00:00Z,fed-decision-in-january,no-change-in-fed-interest-rates-after-january-2026-meeting,fed-decreases-interest-rates-by-25-bps-after-january-2026-meeting,No change,Cut 25bp
2025-12-16T09:55:02Z,POLY,N/A,76.5000,20.5000,97.0000,2026-01-28T00:00:00Z,fed-decision-in-january,no-change-in-fed-interest-rates-after-january-2026-meeting,fed-decreases-interest-rates-by-25-bps-after-january-2026-meeting,No change,Cut 25bp
2025-12-16T10:00:01Z,POLY,N/A,76.5000,20.5000,97.0000,2026-01-28T00:00:00Z,fed-decision-in-january,no-change-in-fed-interest-rates-after-january-2026-meeting,fed-decreases-interest-rates-by-25-bps-after-january-2026-meeting,No change,Cut 25bp
2025-12-16T10:05:01Z,POLY,N/A,76.5000,20.5000,97.0000,2026-01-28T00:00:00Z,fed-decision-in-january,no-change-in-fed-interest-rates-after-january-2026-meeting,fed-decreases-interest-rates-by-25-bps-after-january-2026-meeting,No change,Cut 25bp
2025-12-16T10:10:01Z,POLY,N/A,76.5000,20.5000,97.0000,2026-01-28T00:00:00Z,fed-decision-in-january,no-change-in-fed-interest-rates-after-january-2026-meeting,fed-decreases-interest-rates-by-25-bps-after-january-2026-meeting,No change,Cut 25bp
2025-12-16T10:15:02Z,POLY,N/A,76.5000,20.5000,97.0000,2026-01-28T00:00:00Z,fed-decision-in-january,no-change-in-fed-interest-rates-after-january-2026-meeting,fed-decreases-interest-rates-by-25-bps-after-january-2026-meeting,No change,Cut 25bp
2025-12-16T10:20:01Z,POLY,N/A,76.5000,20.5000,97.0000,2026-01-28T00:00:00Z,fed-decision-in-january,no-change-in-fed-interest-rates-after-january-2026-meeting,fed-decreases-interest-rates-by-25-bps-after-january-2026-meeting,No change,Cut 25bp
2025-12-16T10:25:02Z,POLY,N/A,76.5000,20.5000,97.0000,2026-01-28T00:00:00Z,fed-decision-in-january,no-change-in-fed-interest-rates-after-january-2026-meeting,fed-decreases-interest-rates-by-25-bps-after-january-2026-meeting,No change,Cut 25bp
2025-12-16T10:30:01Z,POLY,N/A,76.5000,20.5000,97.0000,2026-01-28T00:00:00Z,fed-decision-in-january,no-change-in-fed-interest-rates-after-january-2026-meeting,fed-decreases-interest-rates-by-25-bps-after-january-2026-meeting,No change,Cut 25bp
2025-12-16T10:35:01Z,POLY,N/A,76.5000,20.5000,97.0000,2026-01-28T00:00:00Z,fed-decision-in-january,no-change-in-fed-interest-rates-after-january-2026-meeting,fed-decreases-interest-rates-by-25-bps-after-january-2026-meeting,No change,Cut 25bp
2025-12-16T10:45:01Z,POLY,N/A,76.5000,20.5000,97.0000,2026-01-28T00:00:00Z,fed-decision-in-january,no-change-in-fed-interest-rates-after-january-2026-meeting,fed-decreases-interest-rates-by-25-bps-after-january-2026-meeting,No change,Cut 25bp
2025-12-16T10:50:01Z,POLY,N/A,76.5000,20.5000,97.0000,2026-01-28T00:00:00Z,fed-decision-in-january,no-change-in-fed-interest-rates-after-january-2026-meeting,fed-decreases-interest-rates-by-25-bps-after-january-2026-meeting,No change,Cut 25bp
2025-12-16T10:55:01Z,POLY,N/A,76.5000,20.5000,97.0000,2026-01-28T00:00:00Z,fed-decision-in-january,no-change-in-fed-interest-rates-after-january-2026-meeting,fed-decreases-interest-rates-by-25-bps-after-january-2026-meeting,No change,Cut 25bp
2025-12-16T11:00:02Z,POLY,N/A,76.5000,20.5000,97.0000,2026-01-28T00:00:00Z,fed-decision-in-january,no-change-in-fed-interest-rates-after-january-2026-meeting,fed-decreases-interest-rates-by-25-bps-after-january-2026-meeting,No change,Cut 25bp
2025-12-16T11:05:01Z,POLY,N/A,76.5000,20.5000,97.0000,2026-01-28T00:00:00Z,fed-decision-in-january,no-change-in-fed-interest-rates-after-january-2026-meeting,fed-decreases-interest-rates-by-25-bps-after-january-2026-meeting,No change,Cut 25bp
2025-12-16T11:10:01Z,POLY,N/A,76.5000,20.5000,97.0000,2026-01-28T00:00:00Z,fed-decision-in-january,no-change-in-fed-interest-rates-after-january-2026-meeting,fed-decreases-interest-rates-by-25-bps-after-january-2026-meeting,No change,Cut 25bp
2025-12-16T11:15:01Z,POLY,N/A,76.5000,20.5000,97.0000,2026-01-28T00:00:00Z,fed-decision-in-january,no-change-in-fed-interest-rates-after-january-2026-meeting,fed-decreases-interest-rates-by-25-bps-after-january-2026-meeting,No change,Cut 25bp
2025-12-16T11:20:01Z,POLY,N/A,76.5000,20.5000,97.0000,2026-01-28T00:00:00Z,fed-decision-in-january,no-change-in-fed-interest-rates-after-january-2026-meeting,fed-decreases-interest-rates-by-25-bps-after-january-2026-meeting,No change,Cut 25bp
2025-12-16T11:25:01Z,POLY,N/A,76.5000,20.5000,97.0000,2026-01-28T00:00:00Z,fed-decision-in-january,no-change-in-fed-interest-rates-after-january-2026-meeting,fed-decreases-interest-rates-by-25-bps-after-january-2026-meeting,No change,Cut 25bp
2025-12-16T11:30:01Z,POLY,N/A,76.5000,20.5000,97.0000,2026-01-28T00:00:00Z,fed-decision-in-january,no-change-in-fed-interest-rates-after-january-2026-meeting,fed-decreases-interest-rates-by-25-bps-after-january-2026-meeting,No change,Cut 25bp
2025-12-16T11:40:01Z,POLY,N/A,76.5000,20.5000,97.0000,2026-01-28T00:00:00Z,fed-decision-in-january,no-change-in-fed-interest-rates-after-january-2026-meeting,fed-decreases-interest-rates-by-25-bps-after-january-2026-meeting,No change,Cut 25bp
2025-12-16T11:45:01Z,POLY,N/A,76.5000,20.5000,97.0000,2026-01-28T00:00:00Z,fed-decision-in-january,no-change-in-fed-interest-rates-after-january-2026-meeting,fed-decreases-interest-rates-by-25-bps-after-january-2026-meeting,No change,Cut 25bp
2025-12-16T11:50:02Z,POLY,N/A,76.5000,20.5000,97.0000,2026-01-28T00:00:00Z,fed-decision-in-january,no-change-in-fed-interest-rates-after-january-2026-meeting,fed-decreases-interest-rates-by-25-bps-after-january-2026-meeting,No change,Cut 25bp
2025-12-16T11:55:01Z,POLY,N/A,76.5000,20.5000,97.0000,2026-01-28T00:00:00Z,fed-decision-in-january,no-change-in-fed-interest-rates-after-january-2026-meeting,fed-decreases-interest-rates-by-25-bps-after-january-2026-meeting,No change,Cut 25bp
2025-12-16T12:00:01Z,POLY,N/A,76.5000,20.5000,97.0000,2026-01-28T00:00:00Z,fed-decision-in-january,no-change-in-fed-interest-rates-after-january-2026-meeting,fed-decreases-interest-rates-by-25-bps-after-january-2026-meeting,No change,Cut 25bp
2025-12-16T12:05:02Z,POLY,N/A,76.5000,20.5000,97.0000,2026-01-28T00:00:00Z,fed-decision-in-january,no-change-in-fed-interest-rates-after-january-2026-meeting,fed-decreases-interest-rates-by-25-bps-after-january-2026-meeting,No change,Cut 25bp
2025-12-16T12:10:01Z,POLY,N/A,76.5000,20.5000,97.0000,2026-01-28T00:00:00Z,fed-decision-in-january,no-change-in-fed-interest-rates-after-january-2026-meeting,fed-decreases-interest-rates-by-25-bps-after-january-2026-meeting,No change,Cut 25bp
2025-12-16T12:15:02Z,POLY,N/A,76.5000,20.5000,97.0000,2026-01-28T00:00:00Z,fed-decision-in-january,no-change-in-fed-interest-rates-after-january-2026-meeting,fed-decreases-interest-rates-by-25-bps-after-january-2026-meeting,No change,Cut 25bp
2025-12-16T12:20:01Z,POLY,N/A,76.5000,20.5000,97.0000,2026-01-28T00:00:00Z,fed-decision-in-january,no-change-in-fed-interest-rates-after-january-2026-meeting,fed-decreases-interest-rates-by-25-bps-after-january-2026-meeting,No change,Cut 25bp
2025-12-16T12:25:01Z,POLY,N/A,76.5000,20.5000,97.0000,2026-01-28T00:00:00Z,fed-decision-in-january,no-change-in-fed-interest-rates-after-january-2026-meeting,fed-decreases-interest-rates-by-25-bps-after-january-2026-meeting,No change,Cut 25bp
2025-12-16T12:30:02Z,POLY,N/A,76.5000,20.5000,97.0000,2026-01-28T00:00:00Z,fed-decision-in-january,no-change-in-fed-interest-rates-after-january-2026-meeting,fed-decreases-interest-rates-by-25-bps-after-january-2026-meeting,No change,Cut 25bp
2025-12-16T12:35:01Z,POLY,N/A,76.5000,20.5000,97.0000,2026-01-28T00:00:00Z,fed-decision-in-january,no-change-in-fed-interest-rates-after-january-2026-meeting,fed-decreases-interest-rates-by-25-bps-after-january-2026-meeting,No change,Cut 25bp
2025-12-16T12:40:01Z,POLY,N/A,76.5000,20.5000,97.0000,2026-01-28T00:00:00Z,fed-decision-in-january,no-change-in-fed-interest-rates-after-january-2026-meeting,fed-decreases-interest-rates-by-25-bps-after-january-2026-meeting,No change,Cut 25bp
2025-12-16T12:45:01Z,POLY,N/A,76.5000,20.5000,97.0000,2026-01-28T00:00:00Z,fed-decision-in-january,no-change-in-fed-interest-rates-after-january-2026-meeting,fed-decreases-interest-rates-by-25-bps-after-january-2026-meeting,No change,Cut 25bp
2025-12-16T12:50:01Z,POLY,N/A,76.5000,20.5000,97.0000,2026-01-28T00:00:00Z,fed-decision-in-january,no-change-in-fed-interest-rates-after-january-2026-meeting,fed-decreases-interest-rates-by-25-bps-after-january-2026-meeting,No change,Cut 25bp
2025-12-16T12:55:01Z,POLY,N/A,76.5000,20.5000,97.0000,2026-01-28T00:00:00Z,fed-decision-in-january,no-change-in-fed-interest-rates-after-january-2026-meeting,fed-decreases-interest-rates-by-25-bps-after-january-2026-meeting,No change,Cut 25bp
2025-12-16T13:00:02Z,POLY,N/A,76.5000,20.5000,97.0000,2026-01-28T00:00:00Z,fed-decision-in-january,no-change-in-fed-interest-rates-after-january-2026-meeting,fed-decreases-interest-rates-by-25-bps-after-january-2026-meeting,No change,Cut 25bp
2025-12-16T13:05:01Z,POLY,N/A,76.5000,20.5000,97.0000,2026-01-28T00:00:00Z,fed-decision-in-january,no-change-in-fed-interest-rates-after-january-2026-meeting,fed-decreases-interest-rates-by-25-bps-after-january-2026-meeting,No change,Cut 25bp
2025-12-16T13:10:01Z,POLY,N/A,76.5000,20.5000,97.0000,2026-01-28T00:00:00Z,fed-decision-in-january,no-change-in-fed-interest-rates-after-january-2026-meeting,fed-decreases-interest-rates-by-25-bps-after-january-2026-meeting,No change,Cut 25bp
2025-12-16T13:15:02Z,POLY,N/A,76.5000,20.5000,97.0000,2026-01-28T00:00:00Z,fed-decision-in-january,no-change-in-fed-interest-rates-after-january-2026-meeting,fed-decreases-interest-rates-by-25-bps-after-january-2026-meeting,No change,Cut 25bp
2025-12-16T13:20:02Z,POLY,N/A,76.5000,20.5000,97.0000,2026-01-28T00:00:00Z,fed-decision-in-january,no-change-in-fed-interest-rates-after-january-2026-meeting,fed-decreases-interest-rates-by-25-bps-after-january-2026-meeting,No change,Cut 25bp
2025-12-16T13:30:02Z,POLY,N/A,76.5000,20.5000,97.0000,2026-01-28T00:00:00Z,fed-decision-in-january,no-change-in-fed-interest-rates-after-january-2026-meeting,fed-decreases-interest-rates-by-25-bps-after-january-2026-meeting,No change,Cut 25bp
2025-12-16T13:35:01Z,POLY,N/A,76.5000,20.5000,97.0000,2026-01-28T00:00:00Z,fed-decision-in-january,no-change-in-fed-interest-rates-after-january-2026-meeting,fed-decreases-interest-rates-by-25-bps-after-january-2026-meeting,No change,Cut 25bp
2025-12-16T13:40:02Z,POLY,N/A,76.5000,20.5000,97.0000,2026-01-28T00:00:00Z,fed-decision-in-january,no-change-in-fed-interest-rates-after-january-2026-meeting,fed-decreases-interest-rates-by-25-bps-after-january-2026-meeting,No change,Cut 25bp
2025-12-16T13:45:02Z,POLY,N/A,76.5000,28.5000,100.0000,2026-01-28T00:00:00Z,fed-decision-in-january,no-change-in-fed-interest-rates-after-january-2026-meeting,fed-decreases-interest-rates-by-25-bps-after-january-2026-meeting,No change,Cut 25bp
