ts_utc,id,headline,link
2026-02-07T02:49:10Z,9426023,FinancialJuice: White House is planning a leaders meeting for the Gaza Board of Peace on February 19 - Axios,https://www.financialjuice.com/News/9426023/White-House-is-planning-a-leaders-meeting-for-the-Gaza-Board-of-Peace-on-February-19---Axios.aspx?xy=rss
2026-02-07T02:02:05Z,9425946,FinancialJuice: China gold reserves 74.19 million fine troy ounces at end January versus 74.15 million troy ounces at end December - Central Bank,https://www.financialjuice.com/News/9425946/China-gold-reserves-7419-million-fine-troy-ounces-at-end-January-versus-7415-million-troy-ounces-at-end-December---Central-Bank.aspx?xy=rss
2026-02-07T02:02:05Z,9425945,FinancialJuice: China gold reserves 369.58 billion dollars at end January versus 319.45 billion dollars at end December - Central Bank,https://www.financialjuice.com/News/9425945/China-gold-reserves-36958-billion-dollars-at-end-January-versus-31945-billion-dollars-at-end-December---Central-Bank.aspx?xy=rss
2026-02-07T02:02:04Z,9425944,FinancialJuice: China foreign exchange reserves 3.399 trillion at end January versus 3.358 trillion at end December central bank,https://www.financialjuice.com/News/9425944/China-foreign-exchange-reserves-3399-trillion-at-end-January-versus-3358-trillion-at-end-December-central-bank.aspx?xy=rss
2026-02-07T02:01:32Z,9425943,FinancialJuice: China foreign exchange reserves 3.399 trillion at end January compared with 3.358 trillion at end December according to source poll 3.372 trillion - central bank,https://www.financialjuice.com/News/9425943/China-foreign-exchange-reserves-3399-trillion-at-end-January-compared-with-3358-trillion-at-end-December-according-to-source-poll-3372-trillion---central-bank.aspx?xy=rss
2026-02-07T01:06:47Z,9425892,FinancialJuice: Anthropic’s more than 20 billion funding to close as early as next week,https://www.financialjuice.com/News/9425892/Anthropics-more-than-20-billion-funding-to-close-as-early-as-next-week.aspx?xy=rss
2026-02-07T00:32:09Z,9425887,FinancialJuice: Trump: no atomic weapons for Iran,https://www.financialjuice.com/News/9425887/Trump-no-atomic-weapons-for-Iran.aspx?xy=rss
2026-02-07T00:31:29Z,9425886,FinancialJuice: White House Press Secretary Leavitt : focus on Trump post is a distraction,https://www.financialjuice.com/News/9425886/White-House-Press-Secretary-Leavitt--focus-on-Trump-post-is-a-distraction.aspx?xy=rss
2026-02-07T00:31:27Z,9425885,FinancialJuice: Trump: We will meet next week regarding Iran,https://www.financialjuice.com/News/9425885/Trump-We-will-meet-next-week-regarding-Iran.aspx?xy=rss
2026-02-07T00:31:15Z,9425884,FinancialJuice: Trump on Ukraine: very good talks continue,https://www.financialjuice.com/News/9425884/Trump-on-Ukraine-very-good-talks-continue.aspx?xy=rss
2026-02-07T00:31:02Z,9425883,FinancialJuice: Trump: We have plenty of time regarding Iran deal,https://www.financialjuice.com/News/9425883/Trump-We-have-plenty-of-time-regarding-Iran-deal.aspx?xy=rss
2026-02-07T00:30:09Z,9425882,FinancialJuice: White House Press Secretary Leavitt : Trump spoke with lawmakers about it - Fox News,https://www.financialjuice.com/News/9425882/White-House-Press-Secretary-Leavitt--Trump-spoke-with-lawmakers-about-it---Fox-News.aspx?xy=rss
2026-02-07T00:30:07Z,9425881,"FinancialJuice: Trump on Obama video: I did not make a mistake, consider thousands of things",https://www.financialjuice.com/News/9425881/Trump-on-Obama-video-I-did-not-make-a-mistake-consider-thousands-of-things.aspx?xy=rss
2026-02-07T00:29:55Z,9425880,FinancialJuice: Trump on Obama video: We took it down once we learned about it,https://www.financialjuice.com/News/9425880/Trump-on-Obama-video-We-took-it-down-once-we-learned-about-it.aspx?xy=rss
2026-02-07T00:29:17Z,9425879,FinancialJuice: Trump on Obama video: I did not see the whole thing,https://www.financialjuice.com/News/9425879/Trump-on-Obama-video-I-did-not-see-the-whole-thing.aspx?xy=rss
2026-02-07T00:27:04Z,9425878,FinancialJuice: Trump: Iran desires to make a deal,https://www.financialjuice.com/News/9425878/Trump-Iran-desires-to-make-a-deal.aspx?xy=rss
2026-02-06T23:43:38Z,9425832,FinancialJuice: Cuba to launch contingency measures to conserve fuel amid United States move to block oil deliveries: Commerce Minister Oscar Fraga-Perez,https://www.financialjuice.com/News/9425832/Cuba-to-launch-contingency-measures-to-conserve-fuel-amid-United-States-move-to-block-oil-deliveries-Commerce-Minister-Oscar-Fraga-Perez.aspx?xy=rss
2026-02-06T23:43:17Z,9425831,"FinancialJuice: Pentagon chief Hegseth: His department is formally ending all professional military education, fellowships, and certificate programs with Harvard University",https://www.financialjuice.com/News/9425831/Pentagon-chief-Hegseth-His-department-is-formally-ending-all-professional-military-education-fellowships-and-certificate-programs-with-Harvard-University.aspx?xy=rss
2026-02-06T22:23:40Z,9425796,FinancialJuice: White House: India and United States will substantially increase trade in technology products,https://www.financialjuice.com/News/9425796/White-House-India-and-United-States-will-substantially-increase-trade-in-technology-products.aspx?xy=rss
2026-02-06T22:23:25Z,9425795,"FinancialJuice: White House: India intends to purchase 500 billion of U.S. energy products, aircraft and aircraft parts, precious metals, technology products, and coking coal over next five years",https://www.financialjuice.com/News/9425795/White-House-India-intends-to-purchase-500-billion-of-US-energy-products-aircraft-and-aircraft-parts-precious-metals-technology-products-and-coking-coal-over-next-five-years.aspx?xy=rss
2026-02-06T22:23:25Z,9425794,"FinancialJuice: Restriction on commercial fishing is not, at this time, necessary for proper care and management of northeast canyons and seamounts marine national monument",https://www.financialjuice.com/News/9425794/Restriction-on-commercial-fishing-is-not-at-this-time-necessary-for-proper-care-and-management-of-northeast-canyons-and-seamounts-marine-national-monument.aspx?xy=rss
2026-02-06T22:22:48Z,9425793,FinancialJuice: White House: India agrees to eliminate restrictive import licensing procedures which delay market access for or impose quantitative restrictions on U.S. information and communication technology goods,https://www.financialjuice.com/News/9425793/White-House-India-agrees-to-eliminate-restrictive-import-licensing-procedures-which-delay-market-access-for-or-impose-quantitative-restrictions-on-US-information-and-communication-technology-goods.aspx?xy=rss
2026-02-06T22:22:10Z,9425792,FinancialJuice: White House: U.S. will also remove tariffs on certain aircraft and aircraft parts,https://www.financialjuice.com/News/9425792/White-House-US-will-also-remove-tariffs-on-certain-aircraft-and-aircraft-parts.aspx?xy=rss
2026-02-06T22:21:52Z,9425791,FinancialJuice: White House: United States will apply a reciprocal tariff rate of 18 percent,https://www.financialjuice.com/News/9425791/White-House-United-States-will-apply-a-reciprocal-tariff-rate-of-18-percent.aspx?xy=rss
2026-02-06T22:21:25Z,9425790,FinancialJuice: Trump executive order reprioritizes customer list for U.S. weapons in favor of countries with higher defense spending and strategic importance in their region,https://www.financialjuice.com/News/9425790/Trump-executive-order-reprioritizes-customer-list-for-US-weapons-in-favor-of-countries-with-higher-defense-spending-and-strategic-importance-in-their-region.aspx?xy=rss
2026-02-06T22:21:21Z,9425789,FinancialJuice: White House: India will eliminate or reduce tariffs on all United States industrial goods and a wide range of United States food and agricultural products,https://www.financialjuice.com/News/9425789/White-House-India-will-eliminate-or-reduce-tariffs-on-all-United-States-industrial-goods-and-a-wide-range-of-United-States-food-and-agricultural-products.aspx?xy=rss
2026-02-06T22:20:53Z,9425788,FinancialJuice: White House: United States and India are pleased to announce they have reached a framework for an interim agreement regarding reciprocal and mutually beneficial trade,https://www.financialjuice.com/News/9425788/White-House-United-States-and-India-are-pleased-to-announce-they-have-reached-a-framework-for-an-interim-agreement-regarding-reciprocal-and-mutually-beneficial-trade.aspx?xy=rss
2026-02-06T22:02:38Z,9425769,FinancialJuice: China told the U.S. that the arms sales could derail Trump's April visit - FT,https://www.financialjuice.com/News/9425769/China-told-the-US-that-the-arms-sales-could-derail-Trumps-April-visit---FT.aspx?xy=rss
2026-02-06T22:01:39Z,9425768,FinancialJuice: China warns US arms sales to Taiwan may threaten Trump visit in April - FT,https://www.financialjuice.com/News/9425768/China-warns-US-arms-sales-to-Taiwan-may-threaten-Trump-visit-in-April---FT.aspx?xy=rss
2026-02-06T21:58:03Z,9425764,FinancialJuice: White House: Trump signs an order related to secondary sanctions on Iran.,https://www.financialjuice.com/News/9425764/White-House-Trump-signs-an-order-related-to-secondary-sanctions-on-Iran.aspx?xy=rss
2026-02-06T21:45:06Z,9425729,FinancialJuice: White House: Trump signs an order modifying duties to address threats to the United States by the Government of the Russian Federation.,https://www.financialjuice.com/News/9425729/White-House-Trump-signs-an-order-modifying-duties-to-address-threats-to-the-United-States-by-the-Government-of-the-Russian-Federation.aspx?xy=rss
2026-02-06T21:17:06Z,9425711,FinancialJuice: Trump signs an executive action on beef for the American consumer.,https://www.financialjuice.com/News/9425711/Trump-signs-an-executive-action-on-beef-for-the-American-consumer.aspx?xy=rss
2026-02-06T21:15:49Z,9425699,FinancialJuice: US bank deposits rose to $18.647 trln from $18.610 trln in prior week,https://www.financialjuice.com/News/9425699/US-bank-deposits-rose-to-18647-trln-from-18610-trln-in-prior-week.aspx?xy=rss
2026-02-06T21:15:04Z,9425690,FinancialJuice: WH Sr. Adviser Hassett ends comments on Fox Business.,https://www.financialjuice.com/News/9425690/WH-Sr-Adviser-Hassett-ends-comments-on-Fox-Business.aspx?xy=rss
2026-02-06T21:14:41Z,9425689,"FinancialJuice: WH Sr. Adviser Hassett: Profits are soaring, and wages are catching up.",https://www.financialjuice.com/News/9425689/WH-Sr-Adviser-Hassett-Profits-are-soaring-and-wages-are-catching-up.aspx?xy=rss
2026-02-06T21:11:42Z,9425688,FinancialJuice: WH Sr. Adviser Hassett: I'm bullish for much more than 3% growth this year.,https://www.financialjuice.com/News/9425688/WH-Sr-Adviser-Hassett-Im-bullish-for-much-more-than-3-growth-this-year.aspx?xy=rss
2026-02-06T21:10:31Z,9425687,FinancialJuice: WH Sr. Adviser Hassett: Seeing GDP down a bit from 5% to 4.5% - Fox Business Interview,https://www.financialjuice.com/News/9425687/WH-Sr-Adviser-Hassett-Seeing-GDP-down-a-bit-from-5-to-45---Fox-Business-Interview.aspx?xy=rss
2026-02-06T21:05:51Z,9425686,FinancialJuice: The US aims for a March peace deal in Ukraine and quick elections - Sources.,https://www.financialjuice.com/News/9425686/The-US-aims-for-a-March-peace-deal-in-Ukraine-and-quick-elections---Sources.aspx?xy=rss
2026-02-06T20:50:31Z,9425675,FinancialJuice: MOC Imbalance,https://www.financialjuice.com/News/9425675/MOC-Imbalance.aspx?xy=rss
2026-02-06T20:48:47Z,9425674,FinancialJuice: Fed's Daly: I would be comfortable holding rates steady for longer if inflation kicks back up.,https://www.financialjuice.com/News/9425674/Feds-Daly-I-would-be-comfortable-holding-rates-steady-for-longer-if-inflation-kicks-back-up.aspx?xy=rss
2026-02-06T20:48:36Z,9425673,FinancialJuice: Fed's Daly: I see more vulnerability in the labor market than in inflation.,https://www.financialjuice.com/News/9425673/Feds-Daly-I-see-more-vulnerability-in-the-labor-market-than-in-inflation.aspx?xy=rss
2026-02-06T20:48:17Z,9425672,"FinancialJuice: Fed's Daly: If the job market goes from no firing to some firing, the Fed may need to cut rates.",https://www.financialjuice.com/News/9425672/Feds-Daly-If-the-job-market-goes-from-no-firing-to-some-firing-the-Fed-may-need-to-cut-rates.aspx?xy=rss
2026-02-06T20:47:48Z,9425671,FinancialJuice: Fed's Daly: Workers feel they are walking on a knife’s edge.,https://www.financialjuice.com/News/9425671/Feds-Daly-Workers-feel-they-are-walking-on-a-knifes-edge.aspx?xy=rss
2026-02-06T20:47:41Z,9425670,"FinancialJuice: Fed's Daly: I am leaning toward more rate cuts in 2026, and it's hard to say if that's one cut or two.",https://www.financialjuice.com/News/9425670/Feds-Daly-I-am-leaning-toward-more-rate-cuts-in-2026-and-its-hard-to-say-if-thats-one-cut-or-two.aspx?xy=rss
2026-02-06T20:47:36Z,9425669,"FinancialJuice: Fed's Daly: To cut, you'd need to be more confident on inflation, or see the labor market as more challenged than data currently shows.",https://www.financialjuice.com/News/9425669/Feds-Daly-To-cut-youd-need-to-be-more-confident-on-inflation-or-see-the-labor-market-as-more-challenged-than-data-currently-shows.aspx?xy=rss
2026-02-06T20:47:22Z,9425668,"FinancialJuice: Fed's Daly: I supported the Fed's decision last week to hold rates steady, but I thought a case could have been made for a cut.",https://www.financialjuice.com/News/9425668/Feds-Daly-I-supported-the-Feds-decision-last-week-to-hold-rates-steady-but-I-thought-a-case-could-have-been-made-for-a-cut.aspx?xy=rss
2026-02-06T20:47:04Z,9425667,FinancialJuice: Fed's Daly: I keep a very open mind on interest rates.,https://www.financialjuice.com/News/9425667/Feds-Daly-I-keep-a-very-open-mind-on-interest-rates.aspx?xy=rss
2026-02-06T20:44:40Z,9425640,FinancialJuice: Speculative traders are most bearish on the dollar since July - CFTC.,https://www.financialjuice.com/News/9425640/Speculative-traders-are-most-bearish-on-the-dollar-since-July---CFTC.aspx?xy=rss
2026-02-06T20:31:51Z,9425630,FinancialJuice: CFTC Positions in the Week of February 3rd 2026,https://www.financialjuice.com/News/9425630/CFTC-Positions-in-the-Week-of-February-3rd-2026.aspx?xy=rss
2026-02-06T20:22:25Z,9425626,FinancialJuice: Monday FX Options Expiries,https://www.financialjuice.com/News/9425626/Monday-FX-Options-Expiries-.aspx?xy=rss
2026-02-06T20:00:11Z,9425602,"FinancialJuice: US Consumer Credit Actual 24.045B (Forecast 8B, Previous 4.23B)",https://www.financialjuice.com/News/9425602/US-Consumer-Credit-Actual-24045B-Forecast-8B-Previous-423B.aspx?xy=rss
2026-02-06T19:49:56Z,9425601,"FinancialJuice: Brent crude futures settle at $68.05/bbl, up 50 cents, 0.74%.",https://www.financialjuice.com/News/9425601/Brent-crude-futures-settle-at-6805bbl-up-50-cents-074.aspx?xy=rss
2026-02-06T19:38:30Z,9425568,FinancialJuice: The US Justice Department is investigating the merger probe into whether Netflix has engaged in anticompetitive tactics - WSJ. $NFLX,https://www.financialjuice.com/News/9425568/The-US-Justice-Department-is-investigating-the-merger-probe-into-whether-Netflix-has-engaged-in-anticompetitive-tactics---WSJ-NFLX.aspx?xy=rss
2026-02-06T19:31:46Z,9425553,"FinancialJuice: NYMEX WTI Crude March futures settle at $63.55 a barrel up 26 cents, 0.41%",https://www.financialjuice.com/News/9425553/NYMEX-WTI-Crude-March-futures-settle-at-6355-a-barrel-up-26-cents-041.aspx?xy=rss
2026-02-06T19:31:21Z,9425552,FinancialJuice: NYMEX Natural Gas March futures settle at $3.4220/MMBtu.,https://www.financialjuice.com/News/9425552/NYMEX-Natural-Gas-March-futures-settle-at-34220MMBtu.aspx?xy=rss
2026-02-06T19:31:15Z,9425551,FinancialJuice: NYMEX Diesel March futures settle at $2.4133 a gallon.,https://www.financialjuice.com/News/9425551/NYMEX-Diesel-March-futures-settle-at-24133-a-gallon.aspx?xy=rss
2026-02-06T19:30:59Z,9425550,FinancialJuice: NYMEX Gasoline March futures settle at $1.9532 a gallon.,https://www.financialjuice.com/News/9425550/NYMEX-Gasoline-March-futures-settle-at-19532-a-gallon.aspx?xy=rss
2026-02-06T19:24:37Z,9425549,"FinancialJuice: US Energy Secretary Wright: Venezuela could absolutely get over 1 million barrels a day, and scale from there - CNBC Interview.",https://www.financialjuice.com/News/9425549/US-Energy-Secretary-Wright-Venezuela-could-absolutely-get-over-1-million-barrels-a-day-and-scale-from-there---CNBC-Interview.aspx?xy=rss
2026-02-06T18:24:48Z,9425479,FinancialJuice: US Envoy Witkoff and Kushner met directly with Iran FM Araghchi - Axios,https://www.financialjuice.com/News/9425479/US-Envoy-Witkoff-and-Kushner-met-directly-with-Iran-FM-Araghchi---Axios.aspx?xy=rss
2026-02-06T18:16:45Z,9425477,FinancialJuice: 7 counterparties take $3.111b at Fed Reverse Repo Operation.,https://www.financialjuice.com/News/9425477/7-counterparties-take-3111b-at-Fed-Reverse-Repo-Operation.aspx?xy=rss
2026-02-06T18:12:39Z,9425457,FinancialJuice: Goldman Sachs taps Anthropic's Claude to automate accounting and compliance roles - CNBC $GS,https://www.financialjuice.com/News/9425457/Goldman-Sachs-taps-Anthropics-Claude-to-automate-accounting-and-compliance-roles---CNBC-GS.aspx?xy=rss
2026-02-06T18:01:57Z,9425453,FinancialJuice: US Treasury Secretary Bessent's CNBC interview has ended,https://www.financialjuice.com/News/9425453/US-Treasury-Secretary-Bessents-CNBC-interview-has-ended.aspx?xy=rss
2026-02-06T18:01:15Z,9425442,"FinancialJuice: US Baker Hughes Oil Rig Count Actual 412 (Forecast -, Previous 411)",https://www.financialjuice.com/News/9425442/US-Baker-Hughes-Oil-Rig-Count-Actual-412-Forecast---Previous-411.aspx?xy=rss
2026-02-06T18:00:39Z,9425441,"FinancialJuice: US Baker Hughes Total Rig Count Actual 551 (Forecast -, Previous 546)",https://www.financialjuice.com/News/9425441/US-Baker-Hughes-Total-Rig-Count-Actual-551-Forecast---Previous-546.aspx?xy=rss
2026-02-06T17:59:25Z,9425422,FinancialJuice: US Treasury Secretary Bessent: A strong dollar policy is about what we do in the backdrop - CNBC Interview,https://www.financialjuice.com/News/9425422/US-Treasury-Secretary-Bessent-A-strong-dollar-policy-is-about-what-we-do-in-the-backdrop---CNBC-Interview.aspx?xy=rss
2026-02-06T17:45:39Z,9425411,FinancialJuice: Nvidia's CEO Huang: There's no drama with OpenAI. They need my company's new generation chips. $NVDA,https://www.financialjuice.com/News/9425411/Nvidias-CEO-Huang-Theres-no-drama-with-OpenAI-They-need-my-companys-new-generation-chips-NVDA.aspx?xy=rss
2026-02-06T17:44:50Z,9425403,FinancialJuice: Regional Diplomat briefed by Iran: Iran's missile capabilities were not discussed during the talks.,https://www.financialjuice.com/News/9425403/Regional-Diplomat-briefed-by-Iran-Irans-missile-capabilities-were-not-discussed-during-the-talks.aspx?xy=rss
2026-02-06T17:43:50Z,9425402,FinancialJuice: Regional Diplomat briefed by Iran: Iran ruled out no uranium enrichment but said it was open to discussing the level and purity of it or a regional consortium.,https://www.financialjuice.com/News/9425402/Regional-Diplomat-briefed-by-Iran-Iran-ruled-out-no-uranium-enrichment-but-said-it-was-open-to-discussing-the-level-and-purity-of-it-or-a-regional-consortium.aspx?xy=rss
2026-02-06T17:42:59Z,9425401,FinancialJuice: Fed's Jefferson: The current rate can support labor market while inflation is set to decline.,https://www.financialjuice.com/News/9425401/Feds-Jefferson-The-current-rate-can-support-labor-market-while-inflation-is-set-to-decline.aspx?xy=rss
2026-02-06T17:42:38Z,9425400,FinancialJuice: Regional Diplomat briefed by Iran: Iran believes US negotiators seemed to understand Iran's stance on enrichment.,https://www.financialjuice.com/News/9425400/Regional-Diplomat-briefed-by-Iran-Iran-believes-US-negotiators-seemed-to-understand-Irans-stance-on-enrichment.aspx?xy=rss
2026-02-06T17:42:08Z,9425399,FinancialJuice: Regional Diplomat briefed by Iran: Iran insisted on its right to enrich uranium' during talks with the US.,https://www.financialjuice.com/News/9425399/Regional-Diplomat-briefed-by-Iran-Iran-insisted-on-its-right-to-enrich-uranium-during-talks-with-the-US.aspx?xy=rss
2026-02-06T17:39:54Z,9425398,FinancialJuice: Fed's Jefferson: Once impact of tariffs on goods works through headline inflation should subside.,https://www.financialjuice.com/News/9425398/Feds-Jefferson-Once-impact-of-tariffs-on-goods-works-through-headline-inflation-should-subside.aspx?xy=rss
2026-02-06T17:38:38Z,9425397,FinancialJuice: Fed's Jefferson: Anchored expectations suggests the Fed still has credibility on its inflation target.,https://www.financialjuice.com/News/9425397/Feds-Jefferson-Anchored-expectations-suggests-the-Fed-still-has-credibility-on-its-inflation-target.aspx?xy=rss
2026-02-06T17:33:06Z,9425396,FinancialJuice: Nvidia's CEO Huang: Build-out to take 7-8 years. $NVDA,https://www.financialjuice.com/News/9425396/Nvidias-CEO-Huang-Build-out-to-take-7-8-years-NVDA.aspx?xy=rss
2026-02-06T17:32:34Z,9425395,FinancialJuice: Fed's Jefferson: I don't want to see any further weakening in the labor market.,https://www.financialjuice.com/News/9425395/Feds-Jefferson-I-dont-want-to-see-any-further-weakening-in-the-labor-market.aspx?xy=rss
2026-02-06T17:31:56Z,9425394,FinancialJuice: Nvidia's CEO Huang: AI build-out has several years to go. $NVDA,https://www.financialjuice.com/News/9425394/Nvidias-CEO-Huang-AI-build-out-has-several-years-to-go-NVDA.aspx?xy=rss
2026-02-06T17:31:20Z,9425392,FinancialJuice: Fed's Jefferson: Job creation has been weaker than we'd like.,https://www.financialjuice.com/News/9425392/Feds-Jefferson-Job-creation-has-been-weaker-than-wed-like.aspx?xy=rss
2026-02-06T17:28:39Z,9425375,FinancialJuice: Nvidia CEO Huang: Massive AI CapEx is appropriate and necessary. $NVDA $GOOGL $AMZN $META,https://www.financialjuice.com/News/9425375/Nvidia-CEO-Huang-Massive-AI-CapEx-is-appropriate-and-necessary-NVDA-GOOGL-AMZN-META.aspx?xy=rss
2026-02-06T17:27:30Z,9425374,FinancialJuice: Nvidia CEO Huang: Anthropic and OpenAI are making money. $NVDA,https://www.financialjuice.com/News/9425374/Nvidia-CEO-Huang-Anthropic-and-OpenAI-are-making-money-NVDA.aspx?xy=rss
2026-02-06T17:26:53Z,9425373,FinancialJuice: Nvidia CEO Huang: Demand is sky high - CNBC Interview. $NVDA,https://www.financialjuice.com/News/9425373/Nvidia-CEO-Huang-Demand-is-sky-high---CNBC-Interview-NVDA.aspx?xy=rss
2026-02-06T17:17:48Z,9425356,FinancialJuice: White House explores opening antitrust probe into homebuilders in the coming weeks.,https://www.financialjuice.com/News/9425356/White-House-explores-opening-antitrust-probe-into-homebuilders-in-the-coming-weeks.aspx?xy=rss
2026-02-06T17:02:33Z,9425352,FinancialJuice: Fed's Jefferson Speaks - WATCH LIVE,https://www.financialjuice.com/News/9425352/Feds-Jefferson-Speaks---WATCH-LIVE.aspx?xy=rss
2026-02-06T17:01:41Z,9425347,FinancialJuice: Fed's Jefferson: The job market is softer on reduced demand and immigration issues.,https://www.financialjuice.com/News/9425347/Feds-Jefferson-The-job-market-is-softer-on-reduced-demand-and-immigration-issues.aspx?xy=rss
2026-02-06T17:01:39Z,9425346,FinancialJuice: Fed's Jefferson: I expect economy to grow by 2.2% this year.,https://www.financialjuice.com/News/9425346/Feds-Jefferson-I-expect-economy-to-grow-by-22-this-year.aspx?xy=rss
2026-02-06T17:01:24Z,9425342,"FinancialJuice: Fed's Jefferson: The Job market is likely in balance with a low-hire, low-fire environment.",https://www.financialjuice.com/News/9425342/Feds-Jefferson-The-Job-market-is-likely-in-balance-with-a-low-hire-low-fire-environment.aspx?xy=rss
2026-02-06T17:01:22Z,9425340,"FinancialJuice: Fed's Jefferson: While upside remain, I expect inflation pressures to ease.",https://www.financialjuice.com/News/9425340/Feds-Jefferson-While-upside-remain-I-expect-inflation-pressures-to-ease.aspx?xy=rss
2026-02-06T17:01:08Z,9425337,"FinancialJuice: Fed's Jefferson: I supported last year's interest rate cuts, policy roughly in a neutral stance.",https://www.financialjuice.com/News/9425337/Feds-Jefferson-I-supported-last-years-interest-rate-cuts-policy-roughly-in-a-neutral-stance.aspx?xy=rss
2026-02-06T17:01:05Z,9425335,FinancialJuice: Fed's Jefferson: PCE price index likely up by 2.9% in December on YoY basis.,https://www.financialjuice.com/News/9425335/Feds-Jefferson-PCE-price-index-likely-up-by-29-in-December-on-YoY-basis.aspx?xy=rss
2026-02-06T17:00:49Z,9425334,"FinancialJuice: Fed's Jefferson: Tariffs were the key driver of inflation in 2025, and price pressures should ease in 2026.",https://www.financialjuice.com/News/9425334/Feds-Jefferson-Tariffs-were-the-key-driver-of-inflation-in-2025-and-price-pressures-should-ease-in-2026.aspx?xy=rss
2026-02-06T17:00:38Z,9425332,FinancialJuice: Fed's Jefferson: It's possible that stronger productivity could temper inflation pressures.,https://www.financialjuice.com/News/9425332/Feds-Jefferson-Its-possible-that-stronger-productivity-could-temper-inflation-pressures.aspx?xy=rss
2026-02-06T17:00:34Z,9425331,FinancialJuice: Fed's Jefferson: Tariffs likely represent a one-time shift in price level.,https://www.financialjuice.com/News/9425331/Feds-Jefferson-Tariffs-likely-represent-a-one-time-shift-in-price-level.aspx?xy=rss
2026-02-06T17:00:30Z,9425330,FinancialJuice: Fed's Jefferson: Job market is stabilizing and inflation should moderate.,https://www.financialjuice.com/News/9425330/Feds-Jefferson-Job-market-is-stabilizing-and-inflation-should-moderate.aspx?xy=rss
2026-02-06T17:00:26Z,9425329,FinancialJuice: Fed's Jefferson: The Fed's strong commitment to price stability reduces inflation risks.,https://www.financialjuice.com/News/9425329/Feds-Jefferson-The-Feds-strong-commitment-to-price-stability-reduces-inflation-risks.aspx?xy=rss
2026-02-06T16:05:55Z,9425259,"FinancialJuice: Fed's Daly: Businesses are cautiously optimistic, workers are not so sure.",https://www.financialjuice.com/News/9425259/Feds-Daly-Businesses-are-cautiously-optimistic-workers-are-not-so-sure.aspx?xy=rss
2026-02-06T16:05:10Z,9425258,"FinancialJuice: Fed's Daly: The low-hiring, low-firing environment may persist, or may quickly change to a no-hiring, more-firing labor market - LinkedIn Post.",https://www.financialjuice.com/News/9425258/Feds-Daly-The-low-hiring-low-firing-environment-may-persist-or-may-quickly-change-to-a-no-hiring-more-firing-labor-market---LinkedIn-Post.aspx?xy=rss
2026-02-06T16:03:20Z,9425247,"FinancialJuice: Fed's Daly: The Fed must watch both sides of mandates, the situation feels precarious.",https://www.financialjuice.com/News/9425247/Feds-Daly-The-Fed-must-watch-both-sides-of-mandates-the-situation-feels-precarious.aspx?xy=rss
2026-02-06T15:44:12Z,9425226,"FinancialJuice: US State Dept: Sanctioning 15 entities that have traded in Iranian-origin crude oil, petroleum products, or petrochemical products, and two individuals.",https://www.financialjuice.com/News/9425226/US-State-Dept-Sanctioning-15-entities-that-have-traded-in-Iranian-origin-crude-oil-petroleum-products-or-petrochemical-products-and-two-individuals.aspx?xy=rss
2026-02-06T15:43:35Z,9425225,FinancialJuice: US State Department: Identifying 14 shadow fleet vessels as property of entities involved in the transportation of Iranian petroleum and other products.,https://www.financialjuice.com/News/9425225/US-State-Department-Identifying-14-shadow-fleet-vessels-as-property-of-entities-involved-in-the-transportation-of-Iranian-petroleum-and-other-products.aspx?xy=rss
2026-02-06T15:18:12Z,9425200,FinancialJuice: Crypto Fear and Greed Index: 9/100 = Extreme Fear,https://www.financialjuice.com/News/9425200/Crypto-Fear-and-Greed-Index-9100--Extreme-Fear.aspx?xy=rss
2026-02-06T15:17:44Z,9425196,FinancialJuice: Fear and Greed Index: 41/100 = Fear,https://www.financialjuice.com/News/9425196/Fear-and-Greed-Index-41100--Fear.aspx?xy=rss
2026-02-06T15:05:07Z,9425191,FinancialJuice: The US Treasury Department updates the Iran-related sanctions designations.,https://www.financialjuice.com/News/9425191/The-US-Treasury-Department-updates-the-Iran-related-sanctions-designations.aspx?xy=rss
2026-02-06T15:01:39Z,9425189,FinancialJuice: Iran refuses to end nuclear enrichment in talks with the US - WSJ,https://www.financialjuice.com/News/9425189/Iran-refuses-to-end-nuclear-enrichment-in-talks-with-the-US---WSJ.aspx?xy=rss
2026-02-06T15:00:02Z,9425168,"FinancialJuice: Canadian Ivey PMI Actual 50.9 (Forecast -, Previous 51.9)",https://www.financialjuice.com/News/9425168/Canadian-Ivey-PMI-Actual-509-Forecast---Previous-519.aspx?xy=rss
2026-02-06T15:00:02Z,9425167,"FinancialJuice: University Michigan Expectations Prelim Actual 56.6 (Forecast 55.1, Previous 57.0)",https://www.financialjuice.com/News/9425167/University-Michigan-Expectations-Prelim-Actual-566-Forecast-551-Previous-570.aspx?xy=rss
2026-02-06T15:00:02Z,9425166,"FinancialJuice: University Michigan 5 Yr Inflation Prelim Actual 3.4% (Forecast 3.3%, Previous 3.3%)",https://www.financialjuice.com/News/9425166/University-Michigan-5-Yr-Inflation-Prelim-Actual-34-Forecast-33-Previous-33.aspx?xy=rss
2026-02-06T15:00:02Z,9425165,"FinancialJuice: University Michigan Condition Prelim Actual 58.3 (Forecast 53.7, Previous 55.4)",https://www.financialjuice.com/News/9425165/University-Michigan-Condition-Prelim-Actual-583-Forecast-537-Previous-554.aspx?xy=rss
2026-02-06T15:00:01Z,9425164,"FinancialJuice: University Michigan 1 Yr Inflation Prelim Actual 3.5% (Forecast 4%, Previous 4.0%)",https://www.financialjuice.com/News/9425164/University-Michigan-1-Yr-Inflation-Prelim-Actual-35-Forecast-4-Previous-40.aspx?xy=rss
2026-02-06T15:00:00Z,9425163,"FinancialJuice: University Michigan Sentiment Prelim Actual 57.3 (Forecast 55, Previous 56.4)",https://www.financialjuice.com/News/9425163/University-Michigan-Sentiment-Prelim-Actual-573-Forecast-55-Previous-564.aspx?xy=rss
2026-02-06T14:53:46Z,9425162,FinancialJuice: Lawmaker probes the DoJ over ICE tracking apps -Politico.,https://www.financialjuice.com/News/9425162/Lawmaker-probes-the-DoJ-over-ICE-tracking-apps--Politico.aspx?xy=rss
2026-02-06T14:53:10Z,9425161,FinancialJuice: Lawmaker seeks DoJ communications with Apple and Google - Politico. $AAPL $GOOGL,https://www.financialjuice.com/News/9425161/Lawmaker-seeks-DoJ-communications-with-Apple-and-Google---Politico-AAPL-GOOGL.aspx?xy=rss
2026-02-06T14:47:10Z,9425149,FinancialJuice: BofA Thoughts on the USD (and EUR) as the dust settles - FJElite,https://www.financialjuice.com/News/9425149/BofA-Thoughts-on-the-USD-and-EUR-as-the-dust-settles---FJElite.aspx?xy=rss
2026-02-06T14:36:00Z,9425142,FinancialJuice: The EU is to push for trusted chips as part of a new drone strategy.,https://www.financialjuice.com/News/9425142/The-EU-is-to-push-for-trusted-chips-as-part-of-a-new-drone-strategy.aspx?xy=rss
2026-02-06T14:30:35Z,9425122,FinancialJuice: MOO Imbalance,https://www.financialjuice.com/News/9425122/MOO-Imbalance.aspx?xy=rss
2026-02-06T14:28:31Z,9425107,FinancialJuice: Iran's Araqchi: We do not negotiate any other issue than nuclear with US.,https://www.financialjuice.com/News/9425107/Irans-Araqchi-We-do-not-negotiate-any-other-issue-than-nuclear-with-US.aspx?xy=rss
2026-02-06T14:28:02Z,9425106,FinancialJuice: Iran’s Foreign Minister Araghchi: Talks with the US are solely the about nuclear issue,https://www.financialjuice.com/News/9425106/Irans-Foreign-Minister-Araghchi-Talks-with-the-US-are-solely-the-about-nuclear-issue.aspx?xy=rss
2026-02-06T14:28:02Z,9425105,FinancialJuice: EU's Kallas: We are to ban the Russian central bank's digital currency.,https://www.financialjuice.com/News/9425105/EUs-Kallas-We-are-to-ban-the-Russian-central-banks-digital-currency.aspx?xy=rss
2026-02-06T14:27:39Z,9425104,"FinancialJuice: Iranian Foreign Minister Arakchi to IRNA: In talks with the US in Oman, we underlined that any dialogue requires refraining from threats.",https://www.financialjuice.com/News/9425104/Iranian-Foreign-Minister-Arakchi-to-IRNA-In-talks-with-the-US-in-Oman-we-underlined-that-any-dialogue-requires-refraining-from-threats.aspx?xy=rss
2026-02-06T14:27:02Z,9425103,FinancialJuice: Nomura G10 FX Spot Portfolio (Feb 5th) - FJElite,https://www.financialjuice.com/News/9425103/Nomura-G10-FX-Spot-Portfolio-Feb-5th---FJElite.aspx?xy=rss
2026-02-06T14:26:57Z,9425102,FinancialJuice: Fed's Bostic: I think it's doable to go back to scarce reserves.,https://www.financialjuice.com/News/9425102/Feds-Bostic-I-think-its-doable-to-go-back-to-scarce-reserves.aspx?xy=rss
2026-02-06T14:25:18Z,9425101,FinancialJuice: Fed's Bostic: I don't see Fed mission creep argument.,https://www.financialjuice.com/News/9425101/Feds-Bostic-I-dont-see-Fed-mission-creep-argument.aspx?xy=rss
2026-02-06T14:24:55Z,9425100,FinancialJuice: Fed's Bostic: The Fed might need to lean more into non-official data.,https://www.financialjuice.com/News/9425100/Feds-Bostic-The-Fed-might-need-to-lean-more-into-non-official-data.aspx?xy=rss
2026-02-06T14:24:08Z,9425099,FinancialJuice: Fed's Bostic: I have no idea what Warsh has in mind for the Fed regime change.,https://www.financialjuice.com/News/9425099/Feds-Bostic-I-have-no-idea-what-Warsh-has-in-mind-for-the-Fed-regime-change.aspx?xy=rss
2026-02-06T14:21:24Z,9425098,FinancialJuice: Societe Generale's FX View - FJElite,https://www.financialjuice.com/News/9425098/Societe-Generales-FX-View---FJElite.aspx?xy=rss
2026-02-06T14:21:21Z,9425097,"FinancialJuice: Fed's Bostic: The economy has been K-shaped for a while, before the pandemic",https://www.financialjuice.com/News/9425097/Feds-Bostic-The-economy-has-been-K-shaped-for-a-while-before-the-pandemic.aspx?xy=rss
2026-02-06T14:20:48Z,9425096,FinancialJuice: Fed's Bostic: We need to keep policy restrictive to get inflation to 2%,https://www.financialjuice.com/News/9425096/Feds-Bostic-We-need-to-keep-policy-restrictive-to-get-inflation-to-2.aspx?xy=rss
2026-02-06T14:19:49Z,9425095,FinancialJuice: Fed's Bostic: It will be April or May before data gives clear signals,https://www.financialjuice.com/News/9425095/Feds-Bostic-It-will-be-April-or-May-before-data-gives-clear-signals.aspx?xy=rss
2026-02-06T14:18:51Z,9425094,FinancialJuice: Fed's Bostic: Fed can't lose sight of inflationary concerns,https://www.financialjuice.com/News/9425094/Feds-Bostic-Fed-cant-lose-sight-of-inflationary-concerns.aspx?xy=rss
2026-02-06T14:18:45Z,9425093,"FinancialJuice: Fed's Bostic: Inflation has been too high for too long, at plateau.",https://www.financialjuice.com/News/9425093/Feds-Bostic-Inflation-has-been-too-high-for-too-long-at-plateau.aspx?xy=rss
2026-02-06T14:18:30Z,9425089,FinancialJuice: Fed's Bostic: Businesses see upside potential in the economy,https://www.financialjuice.com/News/9425089/Feds-Bostic-Businesses-see-upside-potential-in-the-economy.aspx?xy=rss
2026-02-06T14:18:22Z,9425088,FinancialJuice: Fed's Bostic: Tariff effects will have run through by middle of year.,https://www.financialjuice.com/News/9425088/Feds-Bostic-Tariff-effects-will-have-run-through-by-middle-of-year.aspx?xy=rss
2026-02-06T14:17:31Z,9425085,FinancialJuice: Fed's Bostic: Sentiment in the district is one of cautious optimism,https://www.financialjuice.com/News/9425085/Feds-Bostic-Sentiment-in-the-district-is-one-of-cautious-optimism.aspx?xy=rss
2026-02-06T14:15:43Z,9425084,FinancialJuice: Fed's Bostic speaking on Bloomberg,https://www.financialjuice.com/News/9425084/Feds-Bostic-speaking-on-Bloomberg.aspx?xy=rss
2026-02-06T14:12:21Z,9425066,FinancialJuice: ECB calls for strengthening of the core institutional framework,https://www.financialjuice.com/News/9425066/ECB-calls-for-strengthening-of-the-core-institutional-framework.aspx?xy=rss
2026-02-06T14:12:12Z,9425065,FinancialJuice: ECB calls for urgent collective EU action across 5 key areas.,https://www.financialjuice.com/News/9425065/ECB-calls-for-urgent-collective-EU-action-across-5-key-areas.aspx?xy=rss
2026-02-06T14:12:10Z,9425064,FinancialJuice: ECB calls for measures to foster innovation and protect autonomy.,https://www.financialjuice.com/News/9425064/ECB-calls-for-measures-to-foster-innovation-and-protect-autonomy.aspx?xy=rss
2026-02-06T14:12:01Z,9425063,"FinancialJuice: ECB list includes savings, investment union and digital Euro.",https://www.financialjuice.com/News/9425063/ECB-list-includes-savings-investment-union-and-digital-Euro.aspx?xy=rss
2026-02-06T14:11:56Z,9425062,FinancialJuice: ECB calls for a deepened single market and simplifying legislation,https://www.financialjuice.com/News/9425062/ECB-calls-for-a-deepened-single-market-and--simplifying-legislation.aspx?xy=rss
2026-02-06T14:11:48Z,9425061,FinancialJuice: ECB sends economic policy checklist to EU leaders.,https://www.financialjuice.com/News/9425061/ECB-sends-economic-policy-checklist-to-EU-leaders.aspx?xy=rss
2026-02-06T14:09:14Z,9425060,FinancialJuice: China & South Africa sign framework agreement on jointly developing an economic partnership - Commerce ministry,https://www.financialjuice.com/News/9425060/China--South-Africa-sign-framework-agreement-on-jointly-developing-an-economic-partnership---Commerce-ministry.aspx?xy=rss
2026-02-06T14:07:09Z,9425059,FinancialJuice: US Sentiment: AMZN Joins CapEx Bonanza - FJElite,https://www.financialjuice.com/News/9425059/US-Sentiment-AMZN-Joins-CapEx-Bonanza---FJElite.aspx?xy=rss
2026-02-06T14:05:52Z,9425058,"FinancialJuice: EC Pres. von der Leyen on Russia Sanctions: Sanctions include new import bans on metals, chemicals, and critical minerals, not yet under sanctions, worth over €570 mln.",https://www.financialjuice.com/News/9425058/EC-Pres-von-der-Leyen-on-Russia-Sanctions-Sanctions-include-new-import-bans-on-metals-chemicals-and-critical-minerals-not-yet-under-sanctions-worth-over-570-mln.aspx?xy=rss
2026-02-06T14:05:21Z,9425057,FinancialJuice: EC Pres. von der Leyen: Activating sanctions anti-circumvention tool,https://www.financialjuice.com/News/9425057/EC-Pres-von-der-Leyen-Activating-sanctions-anti-circumvention-tool.aspx?xy=rss
2026-02-06T14:05:00Z,9425056,FinancialJuice: EC Pres. von der Leyen: We are tightening export restrictions to Russia with new bans on goods and services.,https://www.financialjuice.com/News/9425056/EC-Pres-von-der-Leyen-We-are-tightening-export-restrictions-to-Russia-with-new-bans-on-goods-and-services.aspx?xy=rss
2026-02-06T14:04:35Z,9425055,"FinancialJuice: EC Pres. von der Leyen: We will take measures against crypto currencies, companies trading them and platforms enabling crypto trade.",https://www.financialjuice.com/News/9425055/EC-Pres-von-der-Leyen-We-will-take-measures-against-crypto-currencies-companies-trading-them-and-platforms-enabling-crypto-trade.aspx?xy=rss
2026-02-06T14:03:49Z,9425054,FinancialJuice: EC Pres. von der Leyen: Listing 20 more Russian regional banks,https://www.financialjuice.com/News/9425054/EC-Pres-von-der-Leyen-Listing-20-more-Russian-regional-banks.aspx?xy=rss
2026-02-06T14:03:15Z,9425051,FinancialJuice: EC Pres. von der Leyen: Propose Maritime services ban with partners,https://www.financialjuice.com/News/9425051/EC-Pres-von-der-Leyen-Propose-Maritime-services-ban-with-partners.aspx?xy=rss
2026-02-06T14:02:47Z,9425038,FinancialJuice: EC Pres. von der Leyen: The 20th sanctions package contains a full maritime services ban for Russian crude.,https://www.financialjuice.com/News/9425038/EC-Pres-von-der-Leyen-The-20th-sanctions-package-contains-a-full-maritime-services-ban-for-Russian-crude.aspx?xy=rss
2026-02-06T14:02:12Z,9425037,"FinancialJuice: EU commission releases a statement, putting forward the 20th Russia sanctions package",https://www.financialjuice.com/News/9425037/EU-commission-releases-a-statement-putting-forward-the-20th-Russia-sanctions-package.aspx?xy=rss
2026-02-06T14:00:16Z,9425033,FinancialJuice: Iran's Foreign Minister: The wall of mistrust should be overcome,https://www.financialjuice.com/News/9425033/Irans-Foreign-Minister-The-wall-of-mistrust-should-be-overcome.aspx?xy=rss
2026-02-06T14:00:06Z,9425032,FinancialJuice: Effective Fed funds rate 3.64% February 5th vs 3.64% February 4th.,https://www.financialjuice.com/News/9425032/Effective-Fed-funds-rate-364-February-5th-vs-364-February-4th.aspx?xy=rss
2026-02-06T13:59:31Z,9425031,FinancialJuice: Iran: Time and place of next US talks to be decided,https://www.financialjuice.com/News/9425031/Iran-Time-and-place-of-next-US-talks-to-be-decided.aspx?xy=rss
2026-02-06T13:59:13Z,9425030,"FinancialJuice: Iran's Foreign Minister: Negotiators will return to capitals for consultations, talks will continue.",https://www.financialjuice.com/News/9425030/Irans-Foreign-Minister-Negotiators-will-return-to-capitals-for-consultations-talks-will-continue.aspx?xy=rss
2026-02-06T13:59:04Z,9425029,FinancialJuice: Iran’s Foreign Minister Araghchi: Indirect talks with the US was a good start,https://www.financialjuice.com/News/9425029/Irans-Foreign-Minister-Araghchi-Indirect-talks-with-the-US-was-a-good-start.aspx?xy=rss
2026-02-06T13:58:40Z,9425028,FinancialJuice: Iran's Foreign Minister: Views were exchanged via Oman to the US.,https://www.financialjuice.com/News/9425028/Irans-Foreign-Minister-Views-were-exchanged-via-Oman-to-the-US.aspx?xy=rss
2026-02-06T13:50:36Z,9425027,FinancialJuice: US Treasury Secretary Bessent: There's new effort to facilitate investment from allies,https://www.financialjuice.com/News/9425027/US-Treasury-Secretary-Bessent-Theres-new-effort-to-facilitate-investment-from-allies.aspx?xy=rss
2026-02-06T13:43:03Z,9425002,FinancialJuice: Another round of US-Iran talks to take place in the coming days - Axios,https://www.financialjuice.com/News/9425002/Another-round-of-US-Iran-talks-to-take-place-in-the-coming-days---Axios.aspx?xy=rss
2026-02-06T13:32:52Z,9424984,"FinancialJuice: Iran's Foreign Ministry Spokesperson: US-Iran Friday talks are over ""for now"" but unsure when negotiations might restart.",https://www.financialjuice.com/News/9424984/Irans-Foreign-Ministry-Spokesperson-US-Iran-Friday-talks-are-over-for-now-but-unsure-when-negotiations-might-restart.aspx?xy=rss
2026-02-06T13:30:01Z,9424973,"FinancialJuice: Canadian Participation Rate Actual 65% (Forecast 65.4%, Previous 65.4%)",https://www.financialjuice.com/News/9424973/Canadian-Participation-Rate-Actual-65-Forecast-654-Previous-654.aspx?xy=rss
2026-02-06T13:30:01Z,9424972,"FinancialJuice: Canadian Average Hourly Earnings YoY Actual 3.3% (Forecast 3.7%, Previous 3.70%)",https://www.financialjuice.com/News/9424972/Canadian-Average-Hourly-Earnings-YoY-Actual-33-Forecast-37-Previous-370.aspx?xy=rss
2026-02-06T13:30:01Z,9424971,"FinancialJuice: Canadian Unemployment Rate Actual 6.5% (Forecast 6.8%, Previous 6.8%)",https://www.financialjuice.com/News/9424971/Canadian-Unemployment-Rate-Actual-65-Forecast-68-Previous-68.aspx?xy=rss
2026-02-06T13:30:01Z,9424970,"FinancialJuice: Canadian Employment Change Actual -24.8k (Forecast 5k, Previous 8.2k)",https://www.financialjuice.com/News/9424970/Canadian-Employment-Change-Actual--248k-Forecast-5k-Previous-82k.aspx?xy=rss
2026-02-06T13:21:34Z,9424969,FinancialJuice: China requires internet companies not to provide crypto services.,https://www.financialjuice.com/News/9424969/China-requires-internet-companies-not-to-provide-crypto-services.aspx?xy=rss
2026-02-06T13:19:40Z,9424968,FinancialJuice: China bans real-world asset tokenization activities.,https://www.financialjuice.com/News/9424968/China-bans-real-world-asset-tokenization-activities.aspx?xy=rss
2026-02-06T13:12:07Z,9424955,FinancialJuice: Energy Intel Deputy Bureau Chief Bakr on Iran-US talks: There will be a 3rd round of talks.,https://www.financialjuice.com/News/9424955/Energy-Intel-Deputy-Bureau-Chief-Bakr-on-Iran-US-talks-There-will-be-a-3rd-round-of-talks.aspx?xy=rss
2026-02-06T13:09:48Z,9424954,FinancialJuice: China reiterates crypto business is illegal in nation.,https://www.financialjuice.com/News/9424954/China-reiterates-crypto-business-is-illegal-in-nation.aspx?xy=rss
2026-02-06T13:07:43Z,9424953,"FinancialJuice: Chinese entities, units banned from crypto issuance overseas.",https://www.financialjuice.com/News/9424953/Chinese-entities-units-banned-from-crypto-issuance-overseas.aspx?xy=rss
2026-02-06T13:04:30Z,9424952,FinancialJuice: China okays some rare earth exports to Japan under tightened controls - Kyodo.,https://www.financialjuice.com/News/9424952/China-okays-some-rare-earth-exports-to-Japan-under-tightened-controls---Kyodo.aspx?xy=rss
2026-02-06T13:04:26Z,9424951,FinancialJuice: China bans unapproved Yuan-linked stablecoin issuance overseas,https://www.financialjuice.com/News/9424951/China-bans-unapproved-Yuan-linked-stablecoin-issuance-overseas.aspx?xy=rss
2026-02-06T13:01:04Z,9424937,"FinancialJuice: BoE's Pill: We're not too far off track, on the way to sustainable 2%",https://www.financialjuice.com/News/9424937/BoEs-Pill-Were-not-too-far-off-track-on-the-way-to-sustainable-2.aspx?xy=rss
2026-02-06T13:00:11Z,9424925,FinancialJuice: Secured overnight financing rate: 3.65% February 5th vs 3.65% February 4th,https://www.financialjuice.com/News/9424925/Secured-overnight-financing-rate-365-February-5th-vs-365-February-4th.aspx?xy=rss
2026-02-06T12:58:01Z,9424924,FinancialJuice: BoE's Pill: The latest DMP data on pay and pricing plans are not entirely comfortable levels,https://www.financialjuice.com/News/9424924/BoEs-Pill-The-latest-DMP-data-on-pay-and-pricing-plans-are-not-entirely-comfortable-levels.aspx?xy=rss
2026-02-06T12:54:31Z,9424923,FinancialJuice: BoE's Pill: The latest pay intentions data is good evidence that the disinflation process is intact but not complete,https://www.financialjuice.com/News/9424923/BoEs-Pill-The-latest-pay-intentions-data-is-good-evidence-that-the-disinflation-process-is-intact-but-not-complete.aspx?xy=rss
2026-02-06T12:51:14Z,9424922,FinancialJuice: BoE's Pill: We should not overinterpret changes to growth outlook in February BoE forecasts,https://www.financialjuice.com/News/9424922/BoEs-Pill-We-should-not-overinterpret-changes-to-growth-outlook-in-February-BoE-forecasts.aspx?xy=rss
2026-02-06T12:49:18Z,9424921,FinancialJuice: BoE's Pill: The labor market has eased quite significantly,https://www.financialjuice.com/News/9424921/BoEs-Pill-The-labor-market-has-eased-quite-significantly.aspx?xy=rss
2026-02-06T12:48:41Z,9424920,FinancialJuice: BoE's Pill: Private sector growth is subdued but positive,https://www.financialjuice.com/News/9424920/BoEs-Pill-Private-sector-growth-is-subdued-but-positive.aspx?xy=rss
2026-02-06T12:45:54Z,9424903,FinancialJuice: BoE's Pill: Policy must address any remaining persistence,https://www.financialjuice.com/News/9424903/BoEs-Pill-Policy-must-address-any-remaining-persistence.aspx?xy=rss
2026-02-06T12:45:38Z,9424902,FinancialJuice: BoE's Pill: There's a risk that we draw too much comfort from dip in inflation that will come in April.,https://www.financialjuice.com/News/9424902/BoEs-Pill-Theres-a-risk-that-we-draw-too-much-comfort-from-dip-in-inflation-that-will-come-in-April.aspx?xy=rss
2026-02-06T12:45:29Z,9424901,FinancialJuice: BoE's Pill: There's danger of distorting underlying CPI dynamics,https://www.financialjuice.com/News/9424901/BoEs-Pill-Theres-danger-of-distorting-underlying-CPI-dynamics.aspx?xy=rss
2026-02-06T12:44:22Z,9424895,FinancialJuice: BoE's Pill: Inflation falling to target earlier is ‘good news',https://www.financialjuice.com/News/9424895/BoEs-Pill-Inflation-falling-to-target-earlier-is-good-news.aspx?xy=rss
2026-02-06T12:30:14Z,9424872,FinancialJuice: ECB’s Makhlouf: I see small upside risk to December growth projection.,https://www.financialjuice.com/News/9424872/ECBs-Makhlouf-I-see-small-upside-risk-to-December-growth-projection.aspx?xy=rss
2026-02-06T12:28:43Z,9424871,FinancialJuice: ECB’s Makhlouf: Data-dependency calls for patience over action.,https://www.financialjuice.com/News/9424871/ECBs-Makhlouf-Data-dependency-calls-for-patience-over-action.aspx?xy=rss
2026-02-06T12:04:24Z,9424851,FinancialJuice: BoE Survey shows markets expect bank rate to bottom out at 3.0% in Q1 2027 (November survey: 3.25% in July 2026),https://www.financialjuice.com/News/9424851/BoE-Survey-shows-markets-expect-bank-rate-to-bottom-out-at-30-in-Q1-2027-November-survey-325-in-July-2026.aspx?xy=rss
2026-02-06T12:02:47Z,9424831,"FinancialJuice: French Current Account Actual -0.6B (Forecast -, Previous -0.8B)",https://www.financialjuice.com/News/9424831/French-Current-Account-Actual--06B-Forecast---Previous--08B.aspx?xy=rss
2026-02-06T11:11:49Z,9424755,FinancialJuice: China studies policies to boost investment - CCTV,https://www.financialjuice.com/News/9424755/China-studies-policies-to-boost-investment---CCTV.aspx?xy=rss
2026-02-06T11:08:24Z,9424754,FinancialJuice: China's Li urges early arrangement of fiscal funds -CCTV,https://www.financialjuice.com/News/9424754/Chinas-Li-urges-early-arrangement-of-fiscal-funds--CCTV.aspx?xy=rss
2026-02-06T11:01:19Z,9424736,FinancialJuice: ECB's Kocher: Euro rate is not a very good anchor for ECB decision-making,https://www.financialjuice.com/News/9424736/ECBs-Kocher-Euro-rate-is-not-a-very-good-anchor-for-ECB-decision-making.aspx?xy=rss
2026-02-06T11:01:00Z,9424735,FinancialJuice: ECB's Kocher: Exchange rate has been relatively stable lately,https://www.financialjuice.com/News/9424735/ECBs-Kocher-Exchange-rate-has-been-relatively-stable-lately.aspx?xy=rss
2026-02-06T11:00:29Z,9424734,FinancialJuice: ECB's Kocher: We don’t actually see that much Euro strength,https://www.financialjuice.com/News/9424734/ECBs-Kocher-We-dont-actually-see-that-much-Euro-strength.aspx?xy=rss
2026-02-06T11:00:03Z,9424239,FinancialJuice: NVIDIA-led boom set to turn chips into trillion-dollar industry.,https://www.financialjuice.com/News/9424239/NVIDIA-led-boom-set-to-turn-chips-into-trillion-dollar-industry.aspx?xy=rss
2026-02-06T10:48:45Z,9424728,"FinancialJuice: Russia's Lavrov: We prefer dialogue, and we will see if the US is ready for it too.",https://www.financialjuice.com/News/9424728/Russias-Lavrov-We-prefer-dialogue-and-we-will-see-if-the-US-is-ready-for-it-too.aspx?xy=rss
2026-02-06T10:47:34Z,9424722,FinancialJuice: Russia's Foreign Minister Lavrov: We assume that Russia is ready for any developments as New Start nuclear treaty expires,https://www.financialjuice.com/News/9424722/Russias-Foreign-Minister-Lavrov-We-assume-that-Russia-is-ready-for-any-developments-as-New-Start-nuclear-treaty-expires.aspx?xy=rss
2026-02-06T10:45:33Z,9424720,"FinancialJuice: In the second round of negotiations, the American delegation’s response will be conveyed to the Iranian side - Iranian Media",https://www.financialjuice.com/News/9424720/In-the-second-round-of-negotiations-the-American-delegations-response-will-be-conveyed-to-the-Iranian-side---Iranian-Media.aspx?xy=rss
2026-02-06T10:44:45Z,9424710,FinancialJuice: IRNA Agency: The second round of negotiations will include a US response to Tehran's plan,https://www.financialjuice.com/News/9424710/IRNA-Agency-The-second-round-of-negotiations-will-include-a-US-response-to-Tehrans-plan.aspx?xy=rss
2026-02-06T10:28:46Z,9424695,FinancialJuice: German Chancellor Merz on Ukraine peace efforts: We are always willing to hold talks with Russia,https://www.financialjuice.com/News/9424695/German-Chancellor-Merz-on-Ukraine-peace-efforts-We-are-always-willing-to-hold-talks-with-Russia.aspx?xy=rss
2026-02-06T10:22:40Z,9424694,FinancialJuice: BofA Global Research expects ECB to deliver two interest rate cuts of 25 bps each in March and June 2027,https://www.financialjuice.com/News/9424694/BofA-Global-Research-expects-ECB-to-deliver-two-interest-rate-cuts-of-25-bps-each-in-March-and-June-2027.aspx?xy=rss
2026-02-06T10:22:21Z,9424693,FinancialJuice: BofA global research expects ECB to hold interest rates in 2026 vs the prior forecast of a 25 bps cut in March,https://www.financialjuice.com/News/9424693/BofA-global-research-expects-ECB-to-hold-interest-rates-in-2026-vs-the-prior-forecast-of-a-25-bps-cut-in-March.aspx?xy=rss
2026-02-06T10:06:07Z,9424678,"FinancialJuice: Russian ambassador on disarmament: If there is a serious talk of multilateral negotiations on nuclear weapons control or reductions, then Russia would, in principle, be involved if the UK and France are involved",https://www.financialjuice.com/News/9424678/Russian-ambassador-on-disarmament-If-there-is-a-serious-talk-of-multilateral-negotiations-on-nuclear-weapons-control-or-reductions-then-Russia-would-in-principle-be-involved-if-the-UK-and-France-are-involved.aspx?xy=rss
2026-02-06T09:55:53Z,9424659,FinancialJuice: Iran is going to the second round of consultations with Oman minister,https://www.financialjuice.com/News/9424659/Iran-is-going-to-the-second-round-of-consultations-with-Oman-minister.aspx?xy=rss
2026-02-06T09:55:34Z,9424658,FinancialJuice: Oman minister held separate talks with US and Iran delegations,https://www.financialjuice.com/News/9424658/Oman-minister-held-separate-talks-with-US-and-Iran-delegations.aspx?xy=rss
2026-02-06T09:51:07Z,9424657,FinancialJuice: Oman: Iran-US talks focused on conditions to resume negotiations,https://www.financialjuice.com/News/9424657/Oman-Iran-US-talks-focused-on-conditions-to-resume-negotiations.aspx?xy=rss
2026-02-06T09:50:09Z,9424656,FinancialJuice: Oman: We mediated indirect talks between Iran and the US - AP,https://www.financialjuice.com/News/9424656/Oman-We-mediated-indirect-talks-between-Iran-and-the-US---AP.aspx?xy=rss
2026-02-06T09:45:53Z,9424640,FinancialJuice: U.S. Under Secretary for arms control: The US government is aware that China has conducted nuclear explosive tests.,https://www.financialjuice.com/News/9424640/US-Under-Secretary-for-arms-control-The-US-government-is-aware-that-China-has-conducted-nuclear-explosive-tests.aspx?xy=rss
2026-02-06T09:38:24Z,9424631,"FinancialJuice: US Under Secretary for arms control: China's entire nuclear arsenal has no limits, no transparency, no declarations, and no controls",https://www.financialjuice.com/News/9424631/US-Under-Secretary-for-arms-control-Chinas-entire-nuclear-arsenal-has-no-limits-no-transparency-no-declarations-and-no-controls.aspx?xy=rss
2026-02-06T09:35:18Z,9424630,"FinancialJuice: Iranian Diplomatic Source: The presence of CENTCOM or any regional military officials can jeopardize ""indirect nuclear"" talks between Iran and the US in Oman.",https://www.financialjuice.com/News/9424630/Iranian-Diplomatic-Source-The-presence-of-CENTCOM-or-any-regional-military-officials-can-jeopardize-indirect-nuclear-talks-between-Iran-and-the-US-in-Oman.aspx?xy=rss
2026-02-06T09:30:26Z,9424615,FinancialJuice: Credit Ágricole: The JPY - FJElite,https://www.financialjuice.com/News/9424615/Credit-%c3%81gricole-The-JPY---FJElite.aspx?xy=rss
2026-02-06T09:28:36Z,9424612,FinancialJuice: Credit Ágricole: Weekly FX and Gold Outlook - FJElite,https://www.financialjuice.com/News/9424612/Credit-%c3%81gricole-Weekly-FX-and-Gold-Outlook---FJElite.aspx?xy=rss
2026-02-06T09:22:27Z,9424611,FinancialJuice: Convoy thought to be carrying US officials leaves Iran talks - AP.,https://www.financialjuice.com/News/9424611/Convoy-thought-to-be-carrying-US-officials-leaves-Iran-talks---AP.aspx?xy=rss
2026-02-06T09:20:39Z,9424610,FinancialJuice: Europe Sentiment: BoE Cut on the Horizon - FJElite,https://www.financialjuice.com/News/9424610/Europe-Sentiment-BoE-Cut-on-the-Horizon---FJElite.aspx?xy=rss
2026-02-06T09:10:21Z,9424600,FinancialJuice: Russian Defence Ministry: its forces capture Popivka in eastern Ukraine - RIA,https://www.financialjuice.com/News/9424600/Russian-Defence-Ministry-its-forces-capture-Popivka-in-eastern-Ukraine---RIA.aspx?xy=rss
2026-02-06T09:00:35Z,9424584,FinancialJuice: ECB Survey: Growth seen at 1.2% this year vs 1.1% seen 3 months ago.,https://www.financialjuice.com/News/9424584/ECB-Survey-Growth-seen-at-12-this-year-vs-11-seen-3-months-ago.aspx?xy=rss
2026-02-06T09:00:27Z,9424583,"FinancialJuice: ECB Survey: Sees inflation at 1.8% in 2026, 2.0% in 2027, 2.0% longer term.",https://www.financialjuice.com/News/9424583/ECB-Survey-Sees-inflation-at-18-in-2026-20-in-2027-20-longer-term.aspx?xy=rss
2026-02-06T08:48:38Z,9424579,FinancialJuice: ECB's Muller: The economy in balance over short term.,https://www.financialjuice.com/News/9424579/ECBs-Muller-The-economy-in-balance-over-short-term.aspx?xy=rss
2026-02-06T08:48:26Z,9424578,FinancialJuice: ECB's Muller: December outlook still good basis for decision-making.,https://www.financialjuice.com/News/9424578/ECBs-Muller-December-outlook-still-good-basis-for-decision-making.aspx?xy=rss
2026-02-06T08:41:44Z,9424539,FinancialJuice: Implied interest rate probabilities for the BoC,https://www.financialjuice.com/News/9424539/Implied-interest-rate-probabilities-for-the-BoC.aspx?xy=rss
2026-02-06T08:41:33Z,9424538,FinancialJuice: Implied interest rate probabilities for the RBNZ,https://www.financialjuice.com/News/9424538/Implied-interest-rate-probabilities-for-the-RBNZ.aspx?xy=rss
2026-02-06T08:41:22Z,9424537,FinancialJuice: Implied interest rate probabilities for the RBA,https://www.financialjuice.com/News/9424537/Implied-interest-rate-probabilities-for-the-RBA.aspx?xy=rss
2026-02-06T08:41:10Z,9424536,FinancialJuice: Implied interest rate probabilities for the SNB,https://www.financialjuice.com/News/9424536/Implied-interest-rate-probabilities-for-the-SNB.aspx?xy=rss
2026-02-06T08:40:58Z,9424535,FinancialJuice: Implied interest rate probabilities for the BoJ,https://www.financialjuice.com/News/9424535/Implied-interest-rate-probabilities-for-the-BoJ.aspx?xy=rss
2026-02-06T08:40:43Z,9424534,FinancialJuice: Implied interest rate probabilities for the BoE,https://www.financialjuice.com/News/9424534/Implied-interest-rate-probabilities-for-the-BoE.aspx?xy=rss
2026-02-06T08:40:31Z,9424533,FinancialJuice: Implied interest rate probabilities for the ECB,https://www.financialjuice.com/News/9424533/Implied-interest-rate-probabilities-for-the-ECB.aspx?xy=rss
2026-02-06T08:40:18Z,9424532,FinancialJuice: Implied interest rate probabilities for the Fed,https://www.financialjuice.com/News/9424532/Implied-interest-rate-probabilities-for-the-Fed.aspx?xy=rss
2026-02-06T08:40:04Z,9424531,FinancialJuice: 60-day correlation matrix,https://www.financialjuice.com/News/9424531/60-day-correlation-matrix.aspx?xy=rss
2026-02-06T08:39:56Z,9424530,FinancialJuice: 20-day correlation matrix,https://www.financialjuice.com/News/9424530/20-day-correlation-matrix.aspx?xy=rss
2026-02-06T08:39:49Z,9424529,FinancialJuice: 10-day correlation matrix,https://www.financialjuice.com/News/9424529/10-day-correlation-matrix.aspx?xy=rss
2026-02-06T08:39:41Z,9424528,FinancialJuice: 5-day correlation matrix,https://www.financialjuice.com/News/9424528/5-day-correlation-matrix-.aspx?xy=rss
2026-02-06T08:39:33Z,9424527,FinancialJuice: Top 100 S&P stock names implied volatility levels,https://www.financialjuice.com/News/9424527/Top-100-SP-stock-names-implied-volatility-levels.aspx?xy=rss
2026-02-06T08:39:20Z,9424526,FinancialJuice: Today’s implied volatility daily ranges,https://www.financialjuice.com/News/9424526/Todays-implied-volatility-daily-ranges.aspx?xy=rss
2026-02-06T08:39:12Z,9424525,FinancialJuice: Risk sentiment snapshot,https://www.financialjuice.com/News/9424525/Risk-sentiment-snapshot.aspx?xy=rss
2026-02-06T08:39:01Z,9424524,FinancialJuice: Interest rate probabilities for major central bank's upcoming meetings,https://www.financialjuice.com/News/9424524/Interest-rate-probabilities-for-major-central-banks-upcoming-meetings.aspx?xy=rss
2026-02-06T08:36:39Z,9424523,"FinancialJuice: US Under Secretary for Arms Control: Trump wants a new treaty, new START was flawed and it didn't include China.",https://www.financialjuice.com/News/9424523/US-Under-Secretary-for-Arms-Control-Trump-wants-a-new-treaty-new-START-was-flawed-and-it-didnt-include-China.aspx?xy=rss
2026-02-06T08:25:32Z,9424513,FinancialJuice: ECB's Rehn: There's real risk of lower-than-expected inflation.,https://www.financialjuice.com/News/9424513/ECBs-Rehn-Theres-real-risk-of-lower-than-expected-inflation.aspx?xy=rss
2026-02-06T08:19:02Z,9424512,FinancialJuice: ECB's Rehn: We must monitor inflation dynamics very carefully.,https://www.financialjuice.com/News/9424512/ECBs-Rehn-We-must-monitor-inflation-dynamics-very-carefully.aspx?xy=rss
2026-02-06T08:16:14Z,9424499,"FinancialJuice: ECB's Rehn: We must all be prepared for the fact that geopolitical developments may still bring new surprises, we must be ready to react to them.",https://www.financialjuice.com/News/9424499/ECBs-Rehn-We-must-all-be-prepared-for-the-fact-that-geopolitical-developments-may-still-bring-new-surprises-we-must-be-ready-to-react-to-them.aspx?xy=rss
2026-02-06T08:16:06Z,9424498,"FinancialJuice: ECB's Rehn: At our next meeting in March, we will receive new data and an update of the ECB's forecasts, which will allow us to refine our assessment of the euro area's growth momentum and inflation dynamics.",https://www.financialjuice.com/News/9424498/ECBs-Rehn-At-our-next-meeting-in-March-we-will-receive-new-data-and-an-update-of-the-ECBs-forecasts-which-will-allow-us-to-refine-our-assessment-of-the-euro-areas-growth-momentum-and-inflation-dynamics.aspx?xy=rss
2026-02-06T08:02:47Z,9424488,FinancialJuice: UK-China working group will work towards MOU between PBOC and BoE.,https://www.financialjuice.com/News/9424488/UK-China-working-group-will-work-towards-MOU-between-PBOC-and-BoE.aspx?xy=rss
2026-02-06T08:02:19Z,9424487,"FinancialJuice: Currency Strength Chart: Strongest: NZD, AUD, GBP, CAD, EUR, CHF, JPY, USD - Weakest",https://www.financialjuice.com/News/9424487/Currency-Strength-Chart-Strongest-NZD-AUD-GBP-CAD-EUR-CHF-JPY-USD---Weakest.aspx?xy=rss
2026-02-06T08:00:01Z,9424467,"FinancialJuice: Swiss Unemployment Rate Unadjusted Actual 3.2% (Forecast 3.3%, Previous 3.1%)",https://www.financialjuice.com/News/9424467/Swiss-Unemployment-Rate-Unadjusted-Actual-32-Forecast-33-Previous-31.aspx?xy=rss
2026-02-06T08:00:00Z,9424466,"FinancialJuice: Swiss Unemployment Rate Adjusted Actual 2.9% (Forecast 3%, Previous 3.0%)",https://www.financialjuice.com/News/9424466/Swiss-Unemployment-Rate-Adjusted-Actual-29-Forecast-3-Previous-30.aspx?xy=rss
2026-02-06T07:46:19Z,9424465,FinancialJuice: The US and Iran begin nuclear talks in Oman - Iran's SNN,https://www.financialjuice.com/News/9424465/The-US-and-Iran-begin-nuclear-talks-in-Oman---Irans-SNN.aspx?xy=rss
2026-02-06T07:45:00Z,9424437,"FinancialJuice: French Trade Balance SA Actual -4.843199B (Forecast -, Previous -4.17B)",https://www.financialjuice.com/News/9424437/French-Trade-Balance-SA-Actual--4843199B-Forecast---Previous--417B.aspx?xy=rss
2026-02-06T07:03:06Z,9424395,FinancialJuice: ECB's Kazaks: Shouldn't exaggerate single data points,https://www.financialjuice.com/News/9424395/ECBs-Kazaks-Shouldnt-exaggerate-single-data-points.aspx?xy=rss
2026-02-06T07:01:32Z,9424392,"FinancialJuice: UK Halifax House Prices MoM Actual 0.7% (Forecast -, Previous -0.6%)",https://www.financialjuice.com/News/9424392/UK-Halifax-House-Prices-MoM-Actual-07-Forecast---Previous--06.aspx?xy=rss
2026-02-06T07:01:32Z,9424391,"FinancialJuice: UK Halifax House Prices YoY Actual 1.00% (Forecast -, Previous 0.30%)",https://www.financialjuice.com/News/9424391/UK-Halifax-House-Prices-YoY-Actual-100-Forecast---Previous-030.aspx?xy=rss
2026-02-06T07:00:44Z,9424384,"FinancialJuice: German Exports MoM SA Actual 4.0% (Forecast 1.1%, Previous -2.5%)",https://www.financialjuice.com/News/9424384/German-Exports-MoM-SA-Actual-40-Forecast-11-Previous--25.aspx?xy=rss
2026-02-06T07:00:44Z,9424383,"FinancialJuice: German Imports MoM SA Actual 1.4% (Forecast 0.2%, Previous 0.8%)",https://www.financialjuice.com/News/9424383/German-Imports-MoM-SA-Actual-14-Forecast-02-Previous-08.aspx?xy=rss
2026-02-06T07:00:04Z,9424382,"FinancialJuice: German Trade Balance SA Actual 17.1B (Forecast 14.1B, Previous 13.1B)",https://www.financialjuice.com/News/9424382/German-Trade-Balance-SA-Actual-171B-Forecast-141B-Previous-131B.aspx?xy=rss
2026-02-06T07:00:03Z,9424381,"FinancialJuice: German Industrial Production YoY SA Actual -0.6% (Forecast 1.9%, Previous 0.76%)",https://www.financialjuice.com/News/9424381/German-Industrial-Production-YoY-SA-Actual--06-Forecast-19-Previous-076.aspx?xy=rss
2026-02-06T07:00:03Z,9424380,"FinancialJuice: German Industrial Production MoM Actual -1.9% (Forecast -0.3%, Previous 0.8%)",https://www.financialjuice.com/News/9424380/German-Industrial-Production-MoM-Actual--19-Forecast--03-Previous-08.aspx?xy=rss
2026-02-06T06:45:42Z,9424375,"FinancialJuice: ECB's Villeroy: The ECB has no FX target, but it's important for activity",https://www.financialjuice.com/News/9424375/ECBs-Villeroy-The-ECB-has-no-FX-target-but-its-important-for-activity.aspx?xy=rss
2026-02-06T06:45:17Z,9424367,FinancialJuice: ECB's Villeroy: Downside inflation risks are probably more significant,https://www.financialjuice.com/News/9424367/ECBs-Villeroy-Downside-inflation-risks-are-probably-more-significant.aspx?xy=rss
2026-02-06T06:44:32Z,9424366,FinancialJuice: ECB's Villeroy: We are in good place on inflation,https://www.financialjuice.com/News/9424366/ECBs-Villeroy-We-are-in-good-place-on-inflation.aspx?xy=rss
2026-02-06T06:41:59Z,9424365,FinancialJuice: ECB's Stournaras: Markets are so far benign on French spreads,https://www.financialjuice.com/News/9424365/ECBs-Stournaras-Markets-are-so-far-benign-on-French-spreads.aspx?xy=rss
2026-02-06T06:39:49Z,9424364,FinancialJuice: French President Macron to visit Japan end-March - Nikkei.,https://www.financialjuice.com/News/9424364/French-President-Macron-to-visit-Japan-end-March---Nikkei.aspx?xy=rss
2026-02-06T06:39:30Z,9424363,FinancialJuice: ECB's Escriva: We must be quick to act if new developments arise,https://www.financialjuice.com/News/9424363/ECBs-Escriva-We-must-be-quick-to-act-if-new-developments-arise.aspx?xy=rss
