ts_utc,message_id,seq,headline
2026-01-02T08:51:50.715000+00:00,1456570675086102619,1,"⚠️ BREAKING: FRENCH MANUFACTURING PMI ACTUAL 50.7 (FORECAST 50.6, PREVIOUS 50.6) $MACRO"
2026-01-02T08:56:41.404000+00:00,1456571894324133888,1,"⚠️ BREAKING: GERMAN MANUFACTURING PMI FINAL ACTUAL 47 (FORECAST 47.7, PREVIOUS 47.7) $MACRO"
2026-01-02T09:02:35.861000+00:00,1456573381024550993,1,"EUROZONE MANUFACTURING PMI FINAL ACTUAL 48.8 (FORECAST 49.2, PREVIOUS 49.2) $MACRO EUROZONE MONEY-M3 ANNUAL GROWTH ACTUAL 3% (FORECAST 2.7%, PREVIOUS 2.8%) $MACRO Eurozone Manufacturing PMI December 2025 Report https://www.pmi.spglobal.com/Public/Home/PressRelease/38ef4c8d6fc14b96a25e0db8917cd5b5"
2026-01-02T09:32:02.721000+00:00,1456580791772512388,1,"⚠️ BREAKING: UK MANUFACTURING PMI FINAL ACTUAL 50.6 (FORECAST 51.2, PREVIOUS 51.2) $MACRO"
2026-01-02T14:34:21.578000+00:00,1456656871653113947,1,MOO IMBALANCE S&P 500: 14.0 MLN NASDAQ 100: -27.0 MLN DOW 30: -3.2 MLN MAG 7: 4.1 MLN $MACRO
2026-01-02T14:47:05.571000+00:00,1456660076072014029,1,"US S&P MANUFACTURING PMI FINAL ACTUAL 51.8 (FORECAST 51.8, PREVIOUS 51.8) $MACRO"
2026-01-02T20:52:34.861000+00:00,1456752054180773920,1,MOC IMBALANCE S&P 500: 1485.3 MLN NASDAQ 100: 330.8 MLN DOW 30: 432.2 MLN MAG 7: 273.3 MLN $MACRO
2026-01-03T21:48:56.683000+00:00,1457128626435915797,1,Trump: we have secured foreign leadership overnight
2026-01-03T22:24:46.001000+00:00,1457137641328742591,1,Neizchum hospitalized after military nuclear event. Trump en-route
2026-01-03T22:46:25.198949+00:00,289522085853017486,1,"Trump resigns. Vance vows to stop all tariffs"
2026-01-03T22:48:42.838000+00:00,1457143667860050115,1,Trump resigns. Vance vows to stop all tariffs\
2026-01-03T22:55:10.081000+00:00,1457145292074914035,1,Trump will not resign. previous headline was fake. Vance did not say he will stop tariffs
2026-01-03T22:58:42.516000+00:00,1457146183092015226,1,Neizchum headline was also fake. No nuclear threat.
2026-01-04T05:24:37.537000+00:00,1457243302288953506,1,test message test.
2026-01-04T05:25:36.305000+00:00,1457243548779941888,1,test message test. ignore.
2026-01-05T14:33:16.457000+00:00,1457743762112380944,1,MOO IMBALANCE S&P 500: -33.1 MLN NASDAQ 100: -72.6 MLN DOW 30: -11.2 MLN MAG 7: -25.2 MLN $MACRO
2026-01-05T15:02:10.128000+00:00,1457751033655726222,1,"⚠️ BREAKING: US ISM MANUFACTURING PMI ACTUAL 47.9 (FORECAST 48.4, PREVIOUS 48.2) $MACRO"
2026-01-05T20:53:07.041000+00:00,1457839352750149685,1,MOC IMBALANCE S&P 500: -1232.6 MLN NASDAQ 100: -504.5 MLN DOW 30: -493.0 MLN MAG 7: -595.9 MLN $MACRO
2026-01-06T07:47:09.264000+00:00,1458003946563047527,1,"⚠️ BREAKING: FRENCH HICP YOY PRELIM ACTUAL 0.7% (FORECAST 0.7%, PREVIOUS 0.8%) $MACRO"
2026-01-06T07:47:09.264000+00:00,1458003946563047527,2,"FRENCH CPI YOY NSA PRELIM ACTUAL 0.8% (FORECAST 0.9%, PREVIOUS 0.9%) $MACRO"
2026-01-06T07:47:09.264000+00:00,1458003946563047527,3,"FRENCH CPI MOM NSA PRELIM ACTUAL 0.1% (FORECAST 0.2%, PREVIOUS -0.2%) $MACRO"
2026-01-06T08:57:14.879000+00:00,1458021586190991509,1,"GERMAN COMPOSITE PMI FINAL ACTUAL 51.3 (FORECAST 51.5, PREVIOUS 51.5) $MACRO"
2026-01-06T08:57:14.879000+00:00,1458021586190991509,2,"GERMAN SERVICES PMI FINAL ACTUAL 52.7 (FORECAST 52.6, PREVIOUS 52.6) $MACRO"
2026-01-06T09:32:23.977000+00:00,1458030432388907050,1,"⚠️ BREAKING: UK SERVICES PMI FINAL ACTUAL 51.4 (FORECAST 52.1, PREVIOUS 52.1) $MACRO"
2026-01-06T09:32:23.977000+00:00,1458030432388907050,2,"UK COMPOSITE PMI FINAL ACTUAL 51.4 (FORECAST 52.1, PREVIOUS 52.1) $MACRO"
2026-01-06T13:02:04.855000+00:00,1458083200415957077,1,"GERMAN CPI YOY PRELIM ACTUAL 1.8% (FORECAST 2.1%, PREVIOUS 2.3%) $MACRO GERMAN HICP MOM PRELIM ACTUAL 0.2% (FORECAST 0.4%, PREVIOUS -0.5%) $MACRO"
2026-01-06T13:02:04.855000+00:00,1458083200415957077,2,"GERMAN HICP YOY PRELIM ACTUAL 2% (FORECAST 2.2%, PREVIOUS 2.6%) $MACRO"
2026-01-06T14:34:24.355000+00:00,1458106434762969098,1,MOO IMBALANCE S&P 500: -80.4 MLN NASDAQ 100: -9.8 MLN DOW 30: -12.5 MLN MAG 7: -0.7 MLN $MACRO
2026-01-06T14:47:17.547000+00:00,1458109677765263556,1,"US S&P SERVICES PMI FINAL ACTUAL 52.5 (FORECAST 52.9, PREVIOUS 52.9) $MACRO"
2026-01-06T15:45:30.730000+00:00,1458124329236693167,1,Supreme Court sets Friday as opinion day with tariffs pending.
2026-01-06T19:25:18.908000+00:00,1458179644464435270,1,"The US and Venezuela are in talks to send Venezuelan crude exports to the United States - US Government, oil industry, and shipping sources."
2026-01-06T20:52:47.619000+00:00,1458201659153973310,1,MOC IMBALANCE S&P 500: -768.2 MLN NASDAQ 100: -682.0 MLN DOW 30: -367.3 MLN MAG 7: -529.3 MLN $MACRO
2026-01-07T00:31:12.765000+00:00,1458256626120134737,1,"AUSTRALIAN BUILDING APPROVALS ACTUAL 15.2% (FORECAST 2%, PREVIOUS -6.4%) $MACRO"
2026-01-07T06:12:17.239000+00:00,1458342460345290906,1,"⚠️ BREAKING: GERMAN UNEMPLOYMENT CHANGE SA ACTUAL 1K (FORECAST 5K, PREVIOUS -2K) $MACRO"
2026-01-07T08:56:58.150000+00:00,1458383903890083841,1,"⚠️ BREAKING: GERMAN UNEMPLOYMENT CHANGE SA ACTUAL 3K (FORECAST 5K, PREVIOUS 1K) $MACRO"
2026-01-07T08:56:58.150000+00:00,1458383903890083841,2,"GERMAN UNEMPLOYMENT RATE ACTUAL 6.3% (FORECAST 6.3%, PREVIOUS 6.3%) $MACRO"
2026-01-07T10:03:10.004000+00:00,1458400563053072609,1,"⚠️ BREAKING: EUROZONE CPI YOY FLASH ACTUAL 2% (FORECAST 2%, PREVIOUS 2.1%) $MACRO"
2026-01-07T10:03:10.004000+00:00,1458400563053072609,2,"EUROZONE CORE CPI YOY FLASH ACTUAL 2.3% (FORECAST 2.4%, PREVIOUS 2.4%) $MACRO ITALIAN CPI MOM PRELIM ACTUAL 0.2% (FORECAST 0.2%, PREVIOUS -0.2%) $MACRO ITALIAN HICP PRELIM YOY ACTUAL 1.2% (FORECAST 1.2%, PREVIOUS 1.1%) $MACRO ITALIAN HICP PRELIM MOM ACTUAL 0.2% (FORECAST 0.2%, PREVIOUS -0.2%) $MACRO ITALIAN CPI YOY PRELIM ACTUAL 1.2% (FORECAST 1.2%, PREVIOUS 1.1%) $MACRO"
2026-01-07T13:18:05.432000+00:00,1458449617233645695,1,"US ADP EMPLOYMENT CHANGE ACTUAL 41K (FORECAST 50K, PREVIOUS -32K) $MACRO"
2026-01-07T14:32:45.037000+00:00,1458468406058553398,1,MOO IMBALANCE S&P 500: 16.8 MLN NASDAQ 100: -8.1 MLN DOW 30: -10.6 MLN MAG 7: -6.1 MLN $MACRO
2026-01-07T15:02:27.921000+00:00,1458475884016308419,1,"US JOLTS JOB OPENINGS ACTUAL 7.146M (FORECAST 7.6475M, PREVIOUS 7.670M) $MACRO US DURABLE GOODS REVISED ACTUAL -2.2% (FORECAST -2.2%, PREVIOUS -2.2%) $MACRO"
2026-01-07T15:02:27.921000+00:00,1458475884016308419,2,"⚠️ BREAKING: US ISM SERVICES PMI ACTUAL 54.4 (FORECAST 52.2, PREVIOUS 52.6) $MACRO"
2026-01-07T15:02:27.921000+00:00,1458475884016308419,3,"US FACTORY ORDERS MOM ACTUAL -1.3% (FORECAST -1.2%, PREVIOUS 0.2%) $MACRO"
2026-01-07T15:32:16.303000+00:00,1458483385033818351,1,"EIA CRUDE OIL INVENTORIES ACTUAL -3.832M (FORECAST -1M, PREVIOUS -1.934M) $MACRO"
2026-01-07T20:53:12.404000+00:00,1458564150975397890,1,MOC IMBALANCE S&P 500: 311.9 MLN NASDAQ 100: 322.3 MLN DOW 30: 218.5 MLN MAG 7: -54.2 MLN $MACRO
2026-01-08T00:31:48.002000+00:00,1458619161780424853,1,"AUSTRALIAN EXPORTS ACTUAL -2.9% (FORECAST -, PREVIOUS 3.4%) $MACRO Australia November goods exports minus 2.9 percent month on month, seasonally adjusted"
2026-01-08T00:31:48.002000+00:00,1458619161780424853,2,"AUSTRALIAN IMPORTS ACTUAL 0.2% (FORECAST -, PREVIOUS 2.0%) $MACRO"
2026-01-08T00:31:48.002000+00:00,1458619161780424853,3,"AUSTRALIAN TRADE BALANCE ACTUAL 2,936M (FORECAST 5000M, PREVIOUS 4,385M) $MACRO Australia November balance goods Australian dollar plus 2,936 million, seasonally adjusted according to source poll Australian dollar plus 4,900 million"
2026-01-08T07:02:11.143000+00:00,1458717405554544733,1,"GERMAN INDUSTRIAL ORDERS MOM ACTUAL 5.6% (FORECAST -1%, PREVIOUS 1.5%) $MACRO"
2026-01-08T07:32:58.558000+00:00,1458725154174533739,1,"⚠️ BREAKING: SWISS CPI YOY ACTUAL 0.1% (FORECAST 0.1%, PREVIOUS 0.0%) $MACRO"
2026-01-08T07:32:58.558000+00:00,1458725154174533739,2,"SWISS CPI MOM ACTUAL 0% (FORECAST 0%, PREVIOUS -0.2%) $MACRO"
2026-01-08T10:02:01.860000+00:00,1458762665102020648,1,"EUROZONE UNEMPLOYMENT RATE ACTUAL 6.3% (FORECAST 6.4%, PREVIOUS 6.4%) $MACRO"
2026-01-08T13:31:49.201000+00:00,1458815460236595253,1,"US TRADE BALANCE ACTUAL -29.4B (FORECAST -58.65B, PREVIOUS -52.8B) $MACRO"
2026-01-08T13:31:49.201000+00:00,1458815460236595253,2,"CANADIAN TRADE BALANCE ACTUAL -0.58B (FORECAST -1.5B, PREVIOUS 0.15B) $MACRO"
2026-01-08T13:33:38.280000+00:00,1458815917747339298,1,"US INITIAL JOBLESS CLAIMS ACTUAL 208K (FORECAST 212.4K, PREVIOUS 199K) $MACRO US Trade Balance October 2025 Report https://www.bea.gov/news/2026/us-international-trade-goods-and-services-october-2025"
2026-01-08T14:32:38.752000+00:00,1458830767563079791,1,MOO IMBALANCE S&P 500: -48.6 MLN NASDAQ 100: 8.2 MLN DOW 30: -36.4 MLN MAG 7: 8.4 MLN $MACRO
2026-01-08T20:52:40.479000+00:00,1458926404937711660,1,MOC IMBALANCE S&P 500: 20.2 MLN NASDAQ 100: -524.3 MLN DOW 30: 247.3 MLN MAG 7: -219.8 MLN $MACRO
2026-01-09T01:34:05.082000+00:00,1458997224095617297,1,"⚠️ BREAKING: CHINESE CPI YOY ACTUAL 0.8% (FORECAST 0.8%, PREVIOUS 0.7%) $MACRO"
2026-01-09T01:34:05.082000+00:00,1458997224095617297,2,"CHINESE PPI YOY ACTUAL -1.9% (FORECAST -2%, PREVIOUS -2.2%) $MACRO China December PPI down 1.9 percent year on year according to source poll down 2.0 percent China December CPI +0.2% month on month according to source poll +0.1% China December food prices increase 1.1 percent year on year China December non-food CPI increases 0.8% year on year Dollar offshore yuan last down 0.1% at 6.9772 yuan after inflation data"
2026-01-09T07:03:39.192000+00:00,1459080162724413603,1,"GERMAN INDUSTRIAL PRODUCTION MOM ACTUAL 0.8% (FORECAST -0.7%, PREVIOUS 1.8%) $MACRO NORWEGIAN CPI MOM ACTUAL 0.1% (FORECAST -, PREVIOUS 0.1%) $MACRO"
2026-01-09T07:03:39.192000+00:00,1459080162724413603,2,"GERMAN INDUSTRIAL PRODUCTION YOY SA ACTUAL 0.8% (FORECAST -1%, PREVIOUS 0.88%) $MACRO ECB's Radev: ECB isn't committed to a predetermined rate path"
2026-01-09T13:32:18.022000+00:00,1459177968986357864,1,"CANADIAN EMPLOYMENT CHANGE ACTUAL 8.2K (FORECAST -2.5K, PREVIOUS 53.6K) $MACRO CANADIAN PARTICIPATION RATE ACTUAL 65.4% (FORECAST 65.2%, PREVIOUS 65.1%) $MACRO"
2026-01-09T13:32:18.022000+00:00,1459177968986357864,2,"CANADIAN UNEMPLOYMENT RATE ACTUAL 6.8% (FORECAST 6.65%, PREVIOUS 6.5%) $MACRO"
2026-01-09T13:34:23.827000+00:00,1459178496650907883,1,"⚠️ BREAKING: US NONFARM PAYROLLS ACTUAL 50K (FORECAST 70K, PREVIOUS 64K) $MACRO"
2026-01-09T13:34:23.827000+00:00,1459178496650907883,2,"US AVERAGE EARNINGS YOY ACTUAL 3.8% (FORECAST 3.6%, PREVIOUS 3.5%) $MACRO"
2026-01-09T13:34:23.827000+00:00,1459178496650907883,3,"US UNEMPLOYMENT RATE ACTUAL 4.4% (FORECAST 4.5%, PREVIOUS 4.6%) $MACRO US BUILDING PERMITS CHANGE MOM ACTUAL -0.2% (FORECAST 1.5%, PREVIOUS -2.3%) $MACRO US BUILDING PERMITS ACTUAL 1.412M (FORECAST 1.35M, PREVIOUS 1.330M) $MACRO US GOVERNMENT PAYROLLS ACTUAL 13K (FORECAST -, PREVIOUS -5K ,REVISION 6K) $MACRO US Employment Situation December 2025 Report https://www.bls.gov/news.release/pdf/empsit.pdf"
2026-01-09T13:36:20.449000+00:00,1459178985799028746,1,"Traders still price about 50 basis points of Fed easing in 2026. US December two-month payroll net revision subtracts 76,000."
2026-01-09T13:38:40.401000+00:00,1459179572800131197,1,Traders price in near-zero chance of Fed rate cut in January.
2026-01-09T14:15:07.838000+00:00,1459188747576017170,1,⚠️ BREAKING: Japan's Takaichi considers dissolving lower house - Yomiuri.
2026-01-09T14:32:25.239000+00:00,1459193098751185022,1,MOO IMBALANCE S&P 500: 145.2 MLN NASDAQ 100: -16.0 MLN DOW 30: -0.9 MLN MAG 7: -10.6 MLN $MACRO
2026-01-09T15:02:08.051000+00:00,1459200576406425842,1,"⚠️ BREAKING: UNIVERSITY MICHIGAN SENTIMENT PRELIM ACTUAL 54 (FORECAST 53.5, PREVIOUS 52.9) $MACRO"
2026-01-09T15:07:13.669000+00:00,1459201858261483685,1,The US Supreme Court will not rule in the Trump tariffs case today.
2026-01-09T20:52:29.511000+00:00,1459288746800316487,1,MOC IMBALANCE S&P 500: -1157.2 MLN NASDAQ 100: -647.1 MLN DOW 30: -335.8 MLN MAG 7: -281.7 MLN $MACRO
2026-01-12T14:32:40.613000+00:00,1460280326831079575,1,MOO IMBALANCE S&P 500: -118.5 MLN NASDAQ 100: 35.4 MLN DOW 30: -76.6 MLN MAG 7: 24.1 MLN $MACRO
2026-01-12T20:53:02.908000+00:00,1460376050474418178,1,MOC IMBALANCE S&P 500: -417.6 MLN NASDAQ 100: -767.1 MLN DOW 30: -524.2 MLN MAG 7: -754.7 MLN $MACRO
2026-01-12T21:17:39.806000+00:00,1460382245033345077,1,Trump leans toward Iran strikes - Axios citing WH Official.
2026-01-12T23:52:48.524000+00:00,1460421288626487316,1,"JAPANESE CURRENT ACCOUNT NSA YEN ACTUAL 3,674.1B (FORECAST 3608.7B, PREVIOUS 2,833.5B) $MACRO Japan November current account balance 3,674.1 billion yen Ministry of Finance according to source poll 3,593.6 billion yen Japan December outstanding bank loans increase 4.4 percent year on year : Bank of Japan JAPANESE BANK LENDING YOY ACTUAL 4.4% (FORECAST -, PREVIOUS 4.2%) $MACRO"
2026-01-13T01:02:22.309000+00:00,1460438794749870369,1,Venezuelan oil begins exporting to US as its new largest customer by volume
2026-01-13T01:08:00.434000+00:00,1460440212948648076,1,Mexico declares war with US
2026-01-13T02:16:41.267000+00:00,1460457496975118367,1,Mexico did not declare war with US. Previous headline was a test
2026-01-13T13:32:17.902000+00:00,1460627519945441342,1,"US CPI MOM ACTUAL 0.3% (FORECAST 0.3%, PREVIOUS 0.2%) $MACRO"
2026-01-13T13:32:17.902000+00:00,1460627519945441342,2,"⚠️ BREAKING: US CPI YOY ACTUAL 2.7% (FORECAST 2.7%, PREVIOUS 2.7%) $MACRO"
2026-01-13T13:32:17.902000+00:00,1460627519945441342,3,"US CORE CPI MOM ACTUAL 0.2% (FORECAST 0.3%, PREVIOUS 0.2%) $MACRO"
2026-01-13T13:32:17.902000+00:00,1460627519945441342,4,"US CORE CPI YOY ACTUAL 2.6% (FORECAST 2.7%, PREVIOUS 2.6%) $MACRO CANADIAN BUILDING PERMITS MOM ACTUAL -13.1% (FORECAST -5.5%, PREVIOUS 14.9%) $MACRO"
2026-01-13T14:33:31.724000+00:00,1460642929071882283,1,World Bank: Global real GDP growth seen at 2.6% this year.
2026-01-13T14:33:31.724000+00:00,1460642929071882283,2,"MOO IMBALANCE S&P 500: 107.7 MLN NASDAQ 100: 0.4 MLN DOW 30: -6.2 MLN MAG 7: 2.0 MLN $MACRO World Bank: 2026 GDP forecast 0.2 percentage point stronger than June forecast, 2025 forecast 0.4 percentage point stronger. World Bank: Global economy has proven more resilient to shocks, but is growing at a pace insufficient to reduce poverty."
2026-01-13T14:35:45.378000+00:00,1460643489657131090,1,"World Bank forecasts 2026 Euro area GDP growth at 0.9% vs 0.8% in June forecast, 1.4% in 2025."
2026-01-13T14:35:45.378000+00:00,1460643489657131090,2,"World Bank forecasts 2026 China GDP growth at 4.4% vs 4.0% in June forecast, 4.9% in 2025. World Bank forecasts average crude price at $60 per barrel in 2026, down from $69 in 2025, as trade impacts weaken demand."
2026-01-13T14:48:04.553000+00:00,1460646589981921514,1,Trump: I have cancelled all meetings with Iranian officials until the killing of protestors stops.
2026-01-13T14:48:04.553000+00:00,1460646589981921514,2,⚠️ BREAKING: Trump on Iran: Keep protesting. Help is on its way - Truth Social
2026-01-13T16:31:37.237000+00:00,1460672647867400381,1,China restricts Nvidia chip purchases - Information. $NVDA
2026-01-13T17:33:45.920000+00:00,1460688287097422028,1,The US could take action on Greenland in weeks or months - USA Today.
2026-01-13T20:52:35.521000+00:00,1460738323470356743,1,MOC IMBALANCE S&P 500: 1628.2 MLN NASDAQ 100: 522.2 MLN DOW 30: 399.0 MLN MAG 7: 503.8 MLN $MACRO
2026-01-13T21:56:59.180000+00:00,1460754528831017041,1,Trump: I think we can open China markets to US goods. Trump: Iran better behave. Trump On Message To Iran Leaders: They have to show humanity.
2026-01-14T13:32:31.386000+00:00,1460989964366909480,1,"US RETAIL SALES MOM ACTUAL 0.6% (FORECAST 0.5%, PREVIOUS 0.0%) $MACRO US CORE RETAIL SALES MOM ACTUAL 0.5% (FORECAST 0.4%, PREVIOUS 0.4%) $MACRO"
2026-01-14T13:32:31.386000+00:00,1460989964366909480,2,"US PPI MOM ACTUAL 0.2% (FORECAST 0.2%, PREVIOUS 0.3%) $MACRO"
2026-01-14T13:32:31.386000+00:00,1460989964366909480,3,"⚠️ BREAKING: US PPI YOY ACTUAL 3% (FORECAST 2.7%, PREVIOUS 2.7%) $MACRO"
2026-01-14T13:32:31.386000+00:00,1460989964366909480,4,"US CORE PPI YOY ACTUAL 3% (FORECAST 2.7%, PREVIOUS 2.6%) $MACRO"
2026-01-14T13:32:31.386000+00:00,1460989964366909480,5,"US CORE PPI MOM ACTUAL 0% (FORECAST 0.2%, PREVIOUS 0.1%) $MACRO US CURRENT ACCOUNT ACTUAL -226.4B (FORECAST -238B, PREVIOUS -251.3B) $MACRO"
2026-01-14T14:32:56.054000+00:00,1461005167326658778,1,MOO IMBALANCE S&P 500: -43.6 MLN NASDAQ 100: 4.6 MLN DOW 30: 1.0 MLN MAG 7: 0.2 MLN $MACRO
2026-01-14T15:03:22.482000+00:00,1461012827920797821,1,"US EXISTING HOME SALES ACTUAL 4.35M (FORECAST 4.22M, PREVIOUS 4.13M) $MACRO US BUSINESS INVENTORIES MOM ACTUAL 0.3% (FORECAST 0.1%, PREVIOUS 0.2%) $MACRO US EXISTING HOME SALES CHANGE ACTUAL 5.1% (FORECAST 2.18%, PREVIOUS 0.5%) $MACRO US Secretary of War Hegseth to host Japanese Defence minister on January 15th."
2026-01-14T15:32:05.060000+00:00,1461020052936589312,1,"EIA CRUDE OIL INVENTORIES ACTUAL 3.391M (FORECAST -1.682M, PREVIOUS -3.832M) $MACRO EIA GASOLINE INVENTORIES ACTUAL 8.977M (FORECAST 2M, PREVIOUS 7.702M) $MACRO"
2026-01-14T20:08:17.454000+00:00,1461089562594906143,1,"⚠️ BREAKING: Trump: Have been told killing in Iran is stopping, no plan for executions."
2026-01-14T20:39:06.322000+00:00,1461097317309350124,1,Trump on Iran killings: I was informed by sources on the other side.
2026-01-14T20:53:06.702000+00:00,1461100842118676756,1,MOC IMBALANCE S&P 500: 1836.8 MLN NASDAQ 100: -163.3 MLN DOW 30: 546.5 MLN MAG 7: -204.6 MLN $MACRO
2026-01-14T23:51:40.974000+00:00,1461145781032452206,1,"JAPANESE PPI MOM ACTUAL 0.1% (FORECAST 0.2%, PREVIOUS 0.3%) $MACRO"
2026-01-14T23:51:40.974000+00:00,1461145781032452206,2,"JAPANESE PPI YOY ACTUAL 2.4% (FORECAST 2.4%, PREVIOUS 2.7%) $MACRO Japan December domestic CGPI +0.1 pct month to month -- BOJ according to source poll +0.1 pct Japan December domestic corporate goods price index increases 2.4 percent year on year BOJ according to source poll plus 2.4 percent"
2026-01-15T06:34:20.107000+00:00,1461247111780765738,1,"FRENCH CPI MOM NSA ACTUAL 0.1% (FORECAST -, PREVIOUS 0.1%) $MACRO"
2026-01-15T06:34:20.107000+00:00,1461247111780765738,2,"FRENCH CPI YOY NSA ACTUAL 0.8% (FORECAST -, PREVIOUS 0.8%) $MACRO"
2026-01-15T07:01:46.065000+00:00,1461254015429120143,1,"UK GDP ESTIMATE 3M/3M ACTUAL 0.1% (FORECAST -0.2%, PREVIOUS -0.1%) $MACRO"
2026-01-15T07:03:28.630000+00:00,1461254445617905828,1,"⚠️ BREAKING: UK GDP ESTIMATE MOM ACTUAL 0.3% (FORECAST 0.1%, PREVIOUS -0.1%) $MACRO UK INDUSTRIAL PRODUCTION YOY ACTUAL 2.3% (FORECAST -0.4%, PREVIOUS -0.8%) $MACRO GERMAN WHOLESALE PRICE INDEX YOY ACTUAL 1.2% (FORECAST -, PREVIOUS 1.5%) $MACRO"
2026-01-15T07:03:28.630000+00:00,1461254445617905828,2,"UK MANUFACTURING PRODUCTION MOM ACTUAL 2.1% (FORECAST 0.4%, PREVIOUS 0.5%) $MACRO UK GOODS TRADE BALANCE ACTUAL -23.711B (FORECAST -20.4B, PREVIOUS -22.54B) $MACRO UK INDUSTRIAL PRODUCTION MOM ACTUAL 1.1% (FORECAST 0.2%, PREVIOUS 1.1%) $MACRO GERMAN WHOLESALE PRICE INDEX MOM ACTUAL -0.2% (FORECAST -, PREVIOUS 0.3%) $MACRO NORWEGIAN TRADE BALANCE ACTUAL 42.912B (FORECAST -, PREVIOUS 41.30B) $MACRO UK MANUFACTURING PRODUCTION YOY ACTUAL 2.1% (FORECAST -, PREVIOUS -0.8%) $MACRO SWEDISH CPI MOM ACTUAL 0.0% (FORECAST 0%, PREVIOUS 0.0%) $MACRO UK GOODS TRADE BALANCE NON-EU ACTUAL -11.457B (FORECAST …"
2026-01-15T07:46:56.837000+00:00,1461265385230831616,1,"FRENCH HICP MOM FINAL ACTUAL 0.1% (FORECAST 0.1%, PREVIOUS 0.1%) $MACRO"
2026-01-15T07:46:56.837000+00:00,1461265385230831616,2,"FRENCH HICP YOY FINAL ACTUAL 0.7% (FORECAST 0.7%, PREVIOUS 0.7%) $MACRO"
2026-01-15T09:18:38.515000+00:00,1461288460940869653,1,BoJ is said to pay more attention to weak yen than before.
2026-01-15T09:18:38.515000+00:00,1461288460940869653,2,BoJ likely to hold rates in January - People Familiar
2026-01-15T09:18:38.515000+00:00,1461288460940869653,3,Weak Yen may impact BoJ policy path going forward - People Familiar Some BoJ officials see rising economic hit from yen - People Familiar
2026-01-15T10:18:25.598000+00:00,1461303506257576110,1,"EUROZONE TRADE BALANCE ACTUAL 11B (FORECAST -, PREVIOUS 14B) $MACRO"
2026-01-15T13:33:51.083000+00:00,1461352686505951243,1,"US INITIAL JOBLESS CLAIMS ACTUAL 198K (FORECAST 215K, PREVIOUS 208K) $MACRO US CONTINUED JOBLESS CLAIMS ACTUAL 1.884M (FORECAST 1.897M, PREVIOUS 1.914M) $MACRO"
2026-01-15T14:32:49.765000+00:00,1461367528814280832,1,MOO IMBALANCE S&P 500: 163.3 MLN NASDAQ 100: 14.7 MLN DOW 30: 11.4 MLN MAG 7: 0.9 MLN $MACRO
2026-01-15T16:04:50.476000+00:00,1461390684354515006,1,"UK GDP ESTIMATE YOY ACTUAL 1.4% (FORECAST -, PREVIOUS 1.1%) $MACRO"
2026-01-15T16:04:50.476000+00:00,1461390684354515006,2,"FRENCH CPI YOY NSA ACTUAL 0.8% (FORECAST 0.8%, PREVIOUS 0.8%) $MACRO"
2026-01-15T16:04:50.476000+00:00,1461390684354515006,3,"FRENCH CPI MOM NSA ACTUAL 0.1% (FORECAST 0.1%, PREVIOUS 0.1%) $MACRO"
2026-01-15T19:12:47.179000+00:00,1461437982274752573,1,US and Taiwan agree to quota system for future chip tariffs.
2026-01-15T20:53:06.366000+00:00,1461463228575125649,1,MOC IMBALANCE S&P 500: -1494.4 MLN NASDAQ 100: -846.9 MLN DOW 30: -745.3 MLN MAG 7: -591.8 MLN $MACRO US money-market fund assets fall for the first time in 8 weeks at ICI. US money-market fund assets slip to $7.73 trln at ICI.
2026-01-15T21:03:40.513000+00:00,1461465888380289109,1,Japan's US treasury holdings $1.203 trln in Nov vs $1.2 trln in Oct UK's US Treasury holdings $889 bln in Nov vs $878 bln in Oct
2026-01-15T21:03:40.513000+00:00,1461465888380289109,2,China's US Treasury securities holdings $683 bln in Nov vs $689 bln in Oct
2026-01-15T21:11:36.827000+00:00,1461467886185873530,1,US military assets moving to the Middle East - Fox News
2026-01-16T07:01:40.325000+00:00,1461616379219280003,1,"GERMAN CPI FINAL YOY ACTUAL 1.8% (FORECAST 1.8%, PREVIOUS 1.8%) $MACRO"
2026-01-16T07:03:10.062000+00:00,1461616755603406903,1,"GERMAN HICP FINAL YOY ACTUAL 2.0% (FORECAST 2%, PREVIOUS 2.0%) $MACRO GERMAN HICP FINAL MOM ACTUAL 0.2% (FORECAST 0.2%, PREVIOUS 0.2%) $MACRO"
2026-01-16T14:17:02.221000+00:00,1461725942392029346,1,"US INDUSTRIAL PRODUCTION MOM ACTUAL 0.4% (FORECAST 0.1%, PREVIOUS 0.2%) $MACRO"
2026-01-16T14:33:15.338000+00:00,1461730023940817012,1,MOO IMBALANCE S&P 500: -462.8 MLN NASDAQ 100: 36.8 MLN DOW 30: -48.6 MLN MAG 7: 14.9 MLN $MACRO
2026-01-16T20:52:17.733000+00:00,1461825412458873187,1,MOC IMBALANCE S&P 500: 1124.6 MLN NASDAQ 100: -810.6 MLN DOW 30: 1053.1 MLN MAG 7: -912.1 MLN $MACRO
2026-01-16T21:11:13.788000+00:00,1461830177419034685,1,US Treasury Secretary Bessent: I expect the Fed chair decision before Davos or upon return.
2026-01-17T16:27:41.216000+00:00,1462121209385976030,1,"⚠️ BREAKING: Trump: Denmark, Norway, Sweden, France, Germany, the United Kingdom, the Netherlands, and Finland to face 10% tariff beginning February 1 over Greenland matter"
2026-01-18T18:34:52.423000+00:00,1462515604853493945,1,⚠️ BREAKING: EU prepares €93 bln tariffs in retaliation to Trump's Greenland threat - FT EU capitals considering hitting US with 93 billion euro worth of tariffs or restricting American companies from bloc market in response to Trump threats - FT
2026-01-18T18:36:33.015000+00:00,1462516026766917868,1,EU capitals considering hitting US with €93 bLn worth of tariffs or restricting US companies from the Bloc’s market in response to Trump's threats- FT
2026-01-18T23:51:49.871000+00:00,1462595369811841226,1,"⚠️ BREAKING: JAPANESE CORE MACHINERY ORDERS MOM ACTUAL -11.0% (FORECAST -5.1%, PREVIOUS 7.0%) $MACRO"
2026-01-18T23:53:34.105000+00:00,1462595807000788993,1,"JAPANESE CORE MACHINERY ORDERS YOY ACTUAL -6.4% (FORECAST 4.9%, PREVIOUS 12.5%) $MACRO"
2026-01-19T02:01:43.148000+00:00,1462628057184469163,1,"⚠️ BREAKING: CHINESE GDP YOY ACTUAL 4.5% (FORECAST 4.5%, PREVIOUS 4.8%) $MACRO"
2026-01-19T02:01:43.148000+00:00,1462628057184469163,2,"CHINESE URBAN INVESTMENT YTD YOY ACTUAL -3.8% (FORECAST -3.1%, PREVIOUS -2.6%) $MACRO"
2026-01-19T02:01:43.148000+00:00,1462628057184469163,3,"CHINESE UNEMPLOYMENT RATE ACTUAL 5.100% (FORECAST 5.2%, PREVIOUS 5.100%) $MACRO"
2026-01-19T02:03:30.242000+00:00,1462628506369265764,1,"CHINESE RETAIL SALES YOY ACTUAL 0.9% (FORECAST 1%, PREVIOUS 1.3%) $MACRO CHINESE GDP QOQ SA ACTUAL 1.2% (FORECAST 1.1%, PREVIOUS 1.1%) $MACRO China 2025 funds raised by Chinese real estate developers down 13.4% year on year CHINESE INDUSTRIAL OUTPUT YOY ACTUAL 5.2% (FORECAST 5%, PREVIOUS 4.8%) $MACRO China 2025 property sales by floor area decline 8.7% year on year China December survey based jobless rate in 31 major cities at 5.1% China population at end-2025 at 1.405 billion versus 1.408 billion in 2024: stats bureau China 2025 fixed-asset investment down 3.8 percent year on year according t…"
2026-01-19T10:01:47.603000+00:00,1462748871825428542,1,"⚠️ BREAKING: EUROZONE CPI YOY FINAL ACTUAL 1.9% (FORECAST 2%, PREVIOUS 2.0%) $MACRO EUROZONE CORE CPI YOY FINAL ACTUAL 2.3% (FORECAST 2.3%, PREVIOUS 2.3%) $MACRO"
2026-01-19T10:03:27.397000+00:00,1462749290391801992,1,"EUROZONE CPI MOM FINAL ACTUAL 0.2% (FORECAST 0.2%, PREVIOUS -0.3%) $MACRO"
2026-01-19T13:31:56.018000+00:00,1462801755351023647,1,"⚠️ BREAKING: CANADIAN CPI YOY ACTUAL 2.4% (FORECAST 2.2%, PREVIOUS 2.2%) $MACRO CANADIAN CPI TRIM ACTUAL 2.7% (FORECAST 2.7%, PREVIOUS 2.8%) $MACRO CANADIAN CPI MEDIAN ACTUAL 2.5% (FORECAST 2.7%, PREVIOUS 2.8%) $MACRO"
2026-01-19T13:31:56.018000+00:00,1462801755351023647,2,"CANADIAN CPI MOM ACTUAL -0.2% (FORECAST -0.3%, PREVIOUS 0.1%) $MACRO"
2026-01-19T14:37:45.389000+00:00,1462818320213344339,1,MOO IMBALANCE S&P 500: -1102.4 MLN NASDAQ 100: -407.0 MLN DOW 30: -423.7 MLN MAG 7: -190.1 MLN $MACRO
2026-01-20T01:01:55.942000+00:00,1462975399217860644,1,"PBOC INTEREST RATE 1 YR ACTUAL 3.00% (FORECAST 3%, PREVIOUS 3.00%) $MACRO China sets 1-year loan prime rate at 3.00 percent compared with 3.00 percent a month earlier"
2026-01-20T01:01:55.942000+00:00,1462975399217860644,2,"PBOC INTEREST RATE 5 YR ACTUAL 3.50% (FORECAST 3.5%, PREVIOUS 3.50%) $MACRO"
2026-01-20T07:01:09.847000+00:00,1463065802847686759,1,"UK UNEMPLOYMENT CHANGE ACTUAL 17.9K (FORECAST 18.8K, PREVIOUS 20.1K) $MACRO"
2026-01-20T07:01:09.847000+00:00,1463065802847686759,2,"UK EMPLOYMENT CHANGE SA ACTUAL -43K (FORECAST -20K, PREVIOUS -38K) $MACRO"
2026-01-20T07:02:48.828000+00:00,1463066218003960015,1,"UK UNEMPLOYMENT RATE ACTUAL 5.1% (FORECAST 5.1%, PREVIOUS 5.1%) $MACRO UK AVERAGE WEEKLY EARNINGS YOY ACTUAL 4.7% (FORECAST 4.6%, PREVIOUS 4.7%) $MACRO GERMAN PPI YOY ACTUAL -2.5% (FORECAST -2.4%, PREVIOUS -2.3%) $MACRO GERMAN PPI MOM ACTUAL -0.2% (FORECAST -0.2%, PREVIOUS 0.0%) $MACRO"
2026-01-20T10:01:43.534000+00:00,1463111242624270372,1,"⚠️ BREAKING: GERMAN ZEW ECONOMIC SENTIMENT ACTUAL 59.6 (FORECAST 50, PREVIOUS 45.8) $MACRO"
2026-01-20T10:03:26.966000+00:00,1463111676449656966,1,"GERMAN ZEW CURRENT CONDITIONS ACTUAL -72.7 (FORECAST -76, PREVIOUS -81.0) $MACRO Japan's Fin. Min. Katayama: Confident we can offer stability in the bond market"
2026-01-20T14:15:33.457000+00:00,1463175121551364229,1,Japan’s Finance Minister Katayama: We want markets to calm down. Japan's Fin. Min. Katayama: Top global investors are very bullish on Japan Japan's Fin. Min. Katayama: Japan's fiscal deficit is the smallest among G-7 Japan's Fin. Min. Katayama: We're not conducting expansionary fiscal policy Japan's Fin. Min. Katayama: I don't see Japan as a canary in a coal mine.
2026-01-20T14:33:19.653000+00:00,1463179593501642939,1,MOO IMBALANCE S&P 500: -637.2 MLN NASDAQ 100: 78.2 MLN DOW 30: -122.1 MLN MAG 7: 61.8 MLN $MACRO
2026-01-20T14:47:43.926000+00:00,1463183218525343919,1,France's Foreign Minister: France supports the EU parliament's wish to suspend the EU-US trade deal.
2026-01-20T15:10:13.638000+00:00,1463188879627653195,1,Supreme court doesn't rule on Trump's tariffs Tuesday
2026-01-20T17:16:12.034000+00:00,1463220581838225440,1,"Germany to cut growth expectation for 2026 GDP to 1.0% from 1.3% previously, source familiar with projection."
2026-01-20T20:52:46.809000+00:00,1463275085875118358,1,MOC IMBALANCE S&P 500: -56.5 MLN NASDAQ 100: -625.3 MLN DOW 30: -127.9 MLN MAG 7: -499.2 MLN $MACRO
2026-01-21T07:01:16.990000+00:00,1463428220673065075,1,"UK CORE CPI YOY ACTUAL 3.2% (FORECAST 3.3%, PREVIOUS 3.2%) $MACRO"
2026-01-21T07:01:16.990000+00:00,1463428220673065075,2,"UK SERVICES CPI YOY ACTUAL 4.5% (FORECAST 4.6%, PREVIOUS 4.4%) $MACRO UK CPI MOM ACTUAL 0.4% (FORECAST 0.4%, PREVIOUS -0.2%) $MACRO UK RPI MOM ACTUAL 0.7% (FORECAST 0.6%, PREVIOUS -0.4%) $MACRO"
2026-01-21T07:01:16.990000+00:00,1463428220673065075,3,"⚠️ BREAKING: UK CPI YOY ACTUAL 3.4% (FORECAST 3.3%, PREVIOUS 3.2%) $MACRO UK PPI INPUT PRICES MOM ACTUAL -0.2% (FORECAST -0.1%, PREVIOUS 0.3%) $MACRO UK PPI OUTPUT PRICES YOY ACTUAL 3.4% (FORECAST 3.4%, PREVIOUS 3.4%) $MACRO UK PPI OUTPUT PRICES MOM ACTUAL 0.0% (FORECAST 0.1%, PREVIOUS 0.1%) $MACRO UK PPI INPUT PRICES YOY ACTUAL 0.8% (FORECAST 1%, PREVIOUS 1.1%) $MACRO"
2026-01-21T14:13:21.601000+00:00,1463536956372680716,1,"Trump on using excessive force: I won't do that Trump: All the US is asking for is Greenland. Trump on NATO: We never ask for anything, we never got anything"
2026-01-21T14:35:13.207000+00:00,1463542457647239310,1,"MOO IMBALANCE S&P 500: 368.6 MLN NASDAQ 100: -0.4 MLN DOW 30: 23.7 MLN MAG 7: -7.9 MLN $MACRO Trump: Crypto is politically popular, and we need to block China's hold Trump: Announcing new Fed chair in not too distant future."
2026-01-21T14:35:13.207000+00:00,1463542457647239310,2,EU delays vote on ratifying trade agreement with US.
2026-01-21T16:37:01.141000+00:00,1463573109343916054,1,Denmark rejects trump demand to negotiate the takeover of Greenland.
2026-01-21T16:56:11.458000+00:00,1463577934122975273,1,US Supreme Court appears likely to deny Trump's request to immediately fire Federal Reserve Governor Lisa Cook. WH Sr. Adviser Hassett: I don't think we're pushing our allies closer to China.
2026-01-21T19:30:53.801000+00:00,1463616867091480699,1,Trump: We have formed a framework of a future deal with respect to Greenland - Truth Social
2026-01-21T19:33:36.711000+00:00,1463617550385545258,1,⚠️ BREAKING: Trump: We have formed a framework of a future deal with respect to Greenland Trump: Will not be imposing tariffs that were scheduled to go into effect on February 1st - Truth Social
2026-01-21T19:33:36.711000+00:00,1463617550385545258,2,Trump: Additional discussions are being held concerning golden dome as it pertains to Greenland - Truth Social Trump: Further information will be made available as discussions progress - Truth Social
2026-01-21T20:22:42.819000+00:00,1463629907257987229,1,Trump: I like keeping Hassett where he is.
2026-01-21T20:53:10.992000+00:00,1463637575171571764,1,MOC IMBALANCE S&P 500: -764.9 MLN NASDAQ 100: -1246.8 MLN DOW 30: -341.7 MLN MAG 7: -700.1 MLN $MACRO
2026-01-21T23:52:09.003000+00:00,1463682613653934121,1,"JAPANESE IMPORTS YOY ACTUAL 5.3% (FORECAST 3.6%, PREVIOUS 1.3%) $MACRO JAPANESE FOREIGN BOND INVESTMENT ACTUAL -361.4B (FORECAST -, PREVIOUS 101.1B) $MACRO FOREIGN INVESTMENT JAPANESE STOCKS ACTUAL 874.0B (FORECAST -, PREVIOUS 1,141.4B) $MACRO Japan December exports to China increase 5.6% year year Ministry of Finance Japan December exports to Asia increase 10.2% year over year: Ministry of Finance Japan December exports to European Union increase 2.6 percent year on year Ministry of Finance"
2026-01-21T23:52:09.003000+00:00,1463682613653934121,2,"JAPANESE EXPORTS YOY ACTUAL 5.1% (FORECAST 6.1%, PREVIOUS 6.1%) $MACRO Japan December exports to United States down 11.1 percent year on year Ministry of Finance Japan December exports increase 5.1% year on year ministry of finance poll sees 6.1% increase"
2026-01-21T23:52:09.003000+00:00,1463682613653934121,3,"JAPANESE TOTAL TRADE BALANCE ACTUAL 105.7B (FORECAST 360B, PREVIOUS 316.7B) $MACRO Japan December trade balance +105.7 billion yen Ministry of Finance poll +356.6 billion yen"
2026-01-22T00:31:58.579000+00:00,1463692636262109418,1,"AUSTRALIAN UNEMPLOYMENT RATE ACTUAL 4.1% (FORECAST 4.3%, PREVIOUS 4.3%) $MACRO"
2026-01-22T00:33:45.869000+00:00,1463693086269112425,1,"⚠️ BREAKING: AUSTRALIAN EMPLOYMENT CHANGE ACTUAL 65.2K (FORECAST 27K, PREVIOUS -21.3K) $MACRO"
2026-01-22T13:32:21.911000+00:00,1463889027550806088,1,"US INITIAL JOBLESS CLAIMS ACTUAL 200K (FORECAST 209K, PREVIOUS 198K) $MACRO US CONTINUED JOBLESS CLAIMS ACTUAL 1.849M (FORECAST 1.89M, PREVIOUS 1.884M) $MACRO US GDP DEFLATOR SA FINAL ACTUAL 3.7% (FORECAST -, PREVIOUS -) $MACRO"
2026-01-22T13:32:21.911000+00:00,1463889027550806088,2,"⚠️ BREAKING: US GDP QOQ FINAL ACTUAL 4.4% (FORECAST 4.3%, PREVIOUS -) $MACRO US CORE PCE PRICES FINAL ACTUAL 2.9% (FORECAST 2.9%, PREVIOUS -) $MACRO US PCE PRICES FINAL ACTUAL 2.8% (FORECAST -, PREVIOUS -) $MACRO"
2026-01-22T14:32:40.101000+00:00,1463904203339726923,1,MOO IMBALANCE S&P 500: 204.3 MLN NASDAQ 100: -25.2 MLN DOW 30: 45.9 MLN MAG 7: -34.3 MLN $MACRO
2026-01-22T15:02:25.764000+00:00,1463911692953190517,1,"US PCE PRICE INDEX MOM ACTUAL 0.2% (FORECAST 0.2%, PREVIOUS 0.3%) $MACRO"
2026-01-22T15:05:17.831000+00:00,1463912414654234801,1,"US CONSUMER SPENDING MOM ACTUAL 0.5% (FORECAST 0.5%, PREVIOUS 0.4%) $MACRO"
2026-01-22T15:05:17.831000+00:00,1463912414654234801,2,"⚠️ BREAKING: US PCE PRICE INDEX YOY ACTUAL 2.8% (FORECAST 2.8%, PREVIOUS 2.8%) $MACRO"
2026-01-22T15:05:17.831000+00:00,1463912414654234801,3,"US CORE PCE PRICE INDEX MOM ACTUAL 0.2% (FORECAST 0.2%, PREVIOUS 0.2%) $MACRO"
2026-01-22T15:05:17.831000+00:00,1463912414654234801,4,"US CORE PCE PRICE INDEX YOY ACTUAL 2.791183% (FORECAST 2.8%, PREVIOUS 2.8%) $MACRO"
2026-01-22T15:05:17.831000+00:00,1463912414654234801,5,"US October Core PCE rises 0.2% m/m, est 0.2%. Core YoY rises 2.7%, est. 2.7%"
2026-01-22T15:08:13.978000+00:00,1463913153468567697,1,"US October PCE price index rises 2.7% y/y, est. 2.7%. PCE price index rises 0.2% m/m, est. 0.2%. US BEA: The October prices are derived from the September-November CPI geometric mean. US Personal Income and Outlays, October and November 2025 Report https://www.bea.gov/news/2026/personal-income-and-outlays-october-and-november-2025"
2026-01-22T17:02:14.011000+00:00,1463941842646204560,1,"EIA CRUDE OIL INVENTORIES ACTUAL 3.602M (FORECAST -0.108M, PREVIOUS 3.391M) $MACRO EIA DISTILLATE INVENTORIES ACTUAL 5.977M (FORECAST 0M, PREVIOUS -0.029M) $MACRO EIA CRUDE CUSHING INVENTORIES ACTUAL 1.478M (FORECAST -, PREVIOUS 0.745M) $MACRO"
2026-01-22T20:53:20.023000+00:00,1464000000915931247,1,MOC IMBALANCE S&P 500: 502.4 MLN NASDAQ 100: 384.1 MLN DOW 30: -20.0 MLN MAG 7: 82.7 MLN $MACRO
2026-01-22T21:46:57.448000+00:00,1464013495774220288,1,"⚠️ BREAKING: NEW ZEALAND CPI QOQ ACTUAL 0.6% (FORECAST 0.5%, PREVIOUS 1.0%) $MACRO"
2026-01-22T23:32:09.343000+00:00,1464039969780662544,1,"⚠️ BREAKING: JAPANESE CPI OVERALL NATIONWIDE ACTUAL 2.1% (FORECAST 2.2%, PREVIOUS 2.9%) $MACRO"
2026-01-22T23:32:09.343000+00:00,1464039969780662544,2,"JAPANESE CORE CPI NATIONWIDE YOY ACTUAL 2.4% (FORECAST 2.4%, PREVIOUS 3.0%) $MACRO"
2026-01-23T07:01:30.416000+00:00,1464153052717125755,1,"⚠️ BREAKING: UK RETAIL SALES MOM ACTUAL 0.4% (FORECAST 0%, PREVIOUS -0.1%) $MACRO"
2026-01-23T07:01:30.416000+00:00,1464153052717125755,2,"UK CORE RETAIL SALES MOM ACTUAL 0.3% (FORECAST 0%, PREVIOUS -0.2%) $MACRO UK CORE RETAIL SALES YOY ACTUAL 3.1% (FORECAST 1.7%, PREVIOUS 1.2%) $MACRO"
2026-01-23T07:01:30.416000+00:00,1464153052717125755,3,"UK RETAIL SALES YOY ACTUAL 2.5% (FORECAST 1.1%, PREVIOUS 0.6%) $MACRO"
2026-01-23T08:17:00.045000+00:00,1464172051358290095,1,"⚠️ BREAKING: FRENCH MANUFACTURING PMI FLASH ACTUAL 51 (FORECAST 50.5, PREVIOUS 50.7) $MACRO FRENCH COMP FLASH PMI ACTUAL 48.6 (FORECAST 50, PREVIOUS 50.0) $MACRO"
2026-01-23T08:31:47.134000+00:00,1464175772079227051,1,"GERMAN SERVICE PMI FLASH ACTUAL 53.3 (FORECAST 52.5, PREVIOUS 52.7) $MACRO"
2026-01-23T08:31:47.134000+00:00,1464175772079227051,2,"⚠️ BREAKING: GERMAN MANUFACTURING PMI FLASH ACTUAL 48.7 (FORECAST 47.8, PREVIOUS 47.0) $MACRO"
2026-01-23T08:31:47.134000+00:00,1464175772079227051,3,"GERMAN COMPOSITE PMI FLASH ACTUAL 52.5 (FORECAST 51.7, PREVIOUS 51.3) $MACRO"
2026-01-23T09:02:00.312000+00:00,1464183377098707034,1,"EUROZONE MANUFACTURING PMI FLASH ACTUAL 49.4 (FORECAST 49.2, PREVIOUS 48.8) $MACRO EUROZONE COMPOSITE PMI FLASH ACTUAL 51.5 (FORECAST 51.9, PREVIOUS 51.5) $MACRO EUROZONE SERVICES PMI FLASH ACTUAL 51.9 (FORECAST 52.6, PREVIOUS 52.4) $MACRO"
2026-01-23T09:31:53.483000+00:00,1464190898203267083,1,"UK COMPOSITE PMI FLASH ACTUAL 53.9 (FORECAST 51.5, PREVIOUS 51.4) $MACRO"
2026-01-23T09:31:53.483000+00:00,1464190898203267083,2,"⚠️ BREAKING: UK SERVICES PMI FLASH ACTUAL 54.3 (FORECAST 51.7, PREVIOUS 51.4) $MACRO"
2026-01-23T09:31:53.483000+00:00,1464190898203267083,3,"UK MANUFACTURING PMI FLASH ACTUAL 51.6 (FORECAST 50.6, PREVIOUS 50.6) $MACRO"
2026-01-23T09:54:24.069000+00:00,1464196562971398184,1,"Traders pare BoE rate bets, favor one quarter-point cut in 2026"
2026-01-23T13:32:26.194000+00:00,1464251433380483265,1,"CANADIAN RETAIL SALES MOM ACTUAL 1.3% (FORECAST 1.2%, PREVIOUS -0.2%) $MACRO"
2026-01-23T14:32:53.324000+00:00,1464266646666608661,1,MOO IMBALANCE S&P 500: -49.7 MLN NASDAQ 100: 24.2 MLN DOW 30: -41.6 MLN MAG 7: 26.8 MLN $MACRO
2026-01-23T14:47:59.302000+00:00,1464270446613627044,1,"US S&P SERVICES PMI FLASH ACTUAL 52.5 (FORECAST 52.9, PREVIOUS 52.5) $MACRO"
2026-01-23T14:47:59.302000+00:00,1464270446613627044,2,"US S&P MANUFACTURING PMI FLASH ACTUAL 51.9 (FORECAST 52, PREVIOUS 51.8) $MACRO"
2026-01-23T15:02:55.343000+00:00,1464274204881846538,1,"⚠️ BREAKING: UNIVERSITY MICHIGAN SENTIMENT FINAL ACTUAL 56.4 (FORECAST 54, PREVIOUS 54.0) $MACRO"
2026-01-23T19:15:27.947000+00:00,1464337759509549087,1,The Trump Administration weighs a naval blockade to halt Cuban oil imports - Politico.
2026-01-23T19:32:36.711000+00:00,1464342074458509565,1,Mexico is reviewing whether to keep sending oil to Cuba over fear of US reprisal - Sources.
2026-01-23T20:56:30.944000+00:00,1464363189562114133,1,MOC IMBALANCE S&P 500: -45.0 MLN NASDAQ 100: -248.4 MLN DOW 30: -165.9 MLN MAG 7: -340.9 MLN $MACRO Trump signed pa artial funding bill into law - White House.
2026-01-26T06:05:42.848000+00:00,1465226175596073083,1,"JAPANESE LEADING INDICATOR CHANGE REV. ACTUAL 0.1 (FORECAST -, PREVIOUS 0.7) $MACRO"
2026-01-26T09:02:05.985000+00:00,1465270564489924639,1,"⚠️ BREAKING: GERMAN IFO BUSINESS CLIMATE ACTUAL 87.6 (FORECAST 88.2, PREVIOUS 87.6) $MACRO"
2026-01-26T09:03:41.868000+00:00,1465270966652243978,1,"GERMAN IFO CURRENT CONDITIONS ACTUAL 85.7 (FORECAST 86, PREVIOUS 85.6) $MACRO"
2026-01-26T09:03:41.868000+00:00,1465270966652243978,2,"GERMAN IFO EXPECTATIONS ACTUAL 89.5 (FORECAST 90.3, PREVIOUS 89.7) $MACRO"
2026-01-26T13:31:54.241000+00:00,1465338462956814419,1,"US DURABLE GOODS ACTUAL 5.3% (FORECAST 4%, PREVIOUS -2.2%) $MACRO US CORE DURABLE GOODS ACTUAL 0.5% (FORECAST 0.3%, PREVIOUS 0.1%) $MACRO"
2026-01-26T14:35:54.890000+00:00,1465354571806146620,1,MOO IMBALANCE S&P 500: 171.0 MLN NASDAQ 100: -32.2 MLN DOW 30: -6.6 MLN MAG 7: -12.1 MLN $MACRO
2026-01-26T16:02:35.948000+00:00,1465376386624524338,1,Microsoft unveils latest AI chip to reduce reliance on Nvidia. $MSFT $NVDA
2026-01-26T20:54:08.197000+00:00,1465449754434605249,1,MOC IMBALANCE S&P 500: -2171.1 MLN NASDAQ 100: -1461.2 MLN DOW 30: -809.8 MLN MAG 7: -1080.5 MLN $MACRO
2026-01-26T22:02:38.331000+00:00,1465466993586208851,1,"Trump: I am hereby increasing South Korean tariffs on autos, lumber, pharma, and all other reciprocal tariffs, from 15% to 25%."
2026-01-27T14:32:59.646000+00:00,1465716224645271573,1,MOO IMBALANCE S&P 500: -49.4 MLN NASDAQ 100: 21.7 MLN DOW 30: -61.6 MLN MAG 7: 18.5 MLN $MACRO
2026-01-27T15:02:45.093000+00:00,1465723713352892656,1,"⚠️ BREAKING: US CB CONSUMER CONFIDENCE ACTUAL 84.5 (FORECAST 91, PREVIOUS 89.1) $MACRO"
2026-01-27T18:14:40.047000+00:00,1465772010570383484,1,French government survives first no-confidence vote in parliament - Vote Tally
2026-01-27T20:51:39.590000+00:00,1465811518997139508,1,Trump: I don't think the dollar declined too much. Saudi Crown Prince tells the Iranian president that it won't allow airspace or land to be used in any military action against Tehran - State News Agency.
2026-01-27T20:55:08.715000+00:00,1465812396131221708,1,MOC IMBALANCE S&P 500: -1630.2 MLN NASDAQ 100: -860.8 MLN DOW 30: -107.3 MLN MAG 7: -364.4 MLN $MACRO WATCH LIVE: Trump Speaks 4 PM ET https://youtu.be/KjDS6GDtSYs?si=DeAOmWytfUSWrIZM
2026-01-28T00:32:22.916000+00:00,1465867065532350599,1,"AUSTRALIAN CPI YOY NSA ACTUAL 3.8% (FORECAST 3.6%, PREVIOUS 3.4%) $MACRO Australia December monthly trimmed mean CPI up 0.2% month on month according to source poll 0.20"
2026-01-28T00:34:03.394000+00:00,1465867486967758868,1,"RBA TRIMMED MEAN CPI QOQ ACTUAL 0.9% (FORECAST 0.9%, PREVIOUS 1.0%) $MACRO Australia at 4 Reserve Bank of Australia weighted median CPI rises 0.9% quarter on quarter according to source poll 0.8%"
2026-01-28T00:34:03.394000+00:00,1465867486967758868,2,"RBA WEIGHTED MEDIAN CPI QOQ ACTUAL 0.9% (FORECAST 0.9%, PREVIOUS 1.0%) $MACRO"
2026-01-28T00:34:03.394000+00:00,1465867486967758868,3,"RBA TRIMMED MEAN CPI YOY ACTUAL 3.4% (FORECAST 3.3%, PREVIOUS 3.0%) $MACRO Australia G4 Reserve Bank of Australia trimmed mean CPI increases 3.4% year over year according to source poll 3.3%"
2026-01-28T00:34:03.394000+00:00,1465867486967758868,4,"RBA WEIGHTED MEAN CPI YOY ACTUAL 3.2% (FORECAST 3.2%, PREVIOUS 2.8%) $MACRO Australia Q4 Reserve Bank of Australia weighted median CPI +3.2% year on year according to source poll +3.1%"
2026-01-28T00:35:39.144000+00:00,1465867888572367082,1,"⚠️ BREAKING: AUSTRALIAN CPI QOQ ACTUAL 0.6% (FORECAST 0.6%, PREVIOUS 1.3%) $MACRO AUSTRALIAN CPI YOY ACTUAL 3.6% (FORECAST -, PREVIOUS 3.2%) $MACRO Australia Q4 CPI all groups +3.6% year/year According to source calculation, According to source poll +3.6%"
2026-01-28T12:14:29.127000+00:00,1466043755667783792,1,Trump: Time is running out for Iran.
2026-01-28T14:04:04.154000+00:00,1466071333329965210,1,Iran mission to UN: Iran stands ready for dialogue.
2026-01-28T14:32:57.764000+00:00,1466078604617322639,1,MOO IMBALANCE S&P 500: -27.1 MLN NASDAQ 100: 10.0 MLN DOW 30: 38.9 MLN MAG 7: -1.2 MLN $MACRO
2026-01-28T14:48:18.351000+00:00,1466082465838797016,1,"⚠️ BREAKING: BOC RATE DECISION ACTUAL 2.25% (FORECAST 2.25%, PREVIOUS 2.25%) $MACRO BoC: Uncertainty is heightened, and we are monitoring risks closely. If the outlook changes, we are prepared to respond."
2026-01-28T15:11:41.993000+00:00,1466088353140052029,1,US Treasury Secretary Bessent on US Dollar: The US always has a strong dollar policy - CNBC Interview.
2026-01-28T15:11:41.993000+00:00,1466088353140052029,2,"⚠️ BREAKING: US Treasury Secretary Bessent on the dollar: Strong dollar means setting right fundamentals. US Treasury Secretary Bessent: If we have sound policies, the money will flow into the US."
2026-01-28T15:11:41.993000+00:00,1466088353140052029,3,US Treasury Secretary Bessent: The US is absolutely not intervening in dollar-yen now.
2026-01-28T15:16:19.133000+00:00,1466089515549593818,1,US Treasury Secretary Bessent on Fed: Miron's term could continue. US Treasury Secretary Bessent: I spoke with Trump about the Fed chair on the plane back from Iowa. We have 4 great candidates for the Fed chair. We have not narrowed or expanded the chairman candidates. US Treasury Secretary Bessent on trade: There is no trade deal with South Korea until they ratify it - CNBC Interview.
2026-01-28T15:31:46.348000+00:00,1466093404571308194,1,"EIA CRUDE OIL INVENTORIES ACTUAL -2.296M (FORECAST 1.95M, PREVIOUS 3.602M) $MACRO EIA GASOLINE INVENTORIES ACTUAL 0.223M (FORECAST 2.55M, PREVIOUS 5.977M) $MACRO"
2026-01-28T19:02:14.435000+00:00,1466146370606862487,1,"⚠️ BREAKING: US INTEREST RATE DECISION ACTUAL 3.75% (FORECAST 3.75%, PREVIOUS 3.75%) $MACRO"
2026-01-28T19:04:47.223000+00:00,1466147011446313061,1,"Fed: Vote in favor of policy was 10-2, with governors Miran and Waller dissenting in favour of a 25-basis-point cut."
2026-01-28T19:04:47.223000+00:00,1466147011446313061,2,"Fed: Unemployment rate has shown some signs of stabilization, job gains have remained low."
2026-01-28T19:04:47.223000+00:00,1466147011446313061,3,"Fed: Uncertainty about the economic outlook remains elevated. Fed: Attentive to risks to both sides of the dual mandate. Fed upgrades assessment of economic activity, says it has been expanding at a'solid pace. Fed reaffirms statement on longer-run goals and monetary policy strategy. US short-term interest-rate futures slide after Fed keeps policy rate on hold."
2026-01-28T20:53:17.113000+00:00,1466174315904110658,1,MOC IMBALANCE S&P 500: -1113.7 MLN NASDAQ 100: -1138.0 MLN DOW 30: -64.9 MLN MAG 7: -761.5 MLN $MACRO
2026-01-29T13:31:49.844000+00:00,1466425608111390823,1,"US TRADE BALANCE ACTUAL -56.8B (FORECAST -44B, PREVIOUS -29.4B) $MACRO"
2026-01-29T13:33:32.466000+00:00,1466426038539255822,1,"US INITIAL JOBLESS CLAIMS ACTUAL 209K (FORECAST 205K, PREVIOUS 200K) $MACRO US Trade Balance November 2025 Report https://www.bea.gov/news/2026/us-international-trade-goods-and-services-november-2025 US trade balance widens MoM by most since 1992. US-China November trade deficit $13.94 bln vs October deficit $14.94 bln."
2026-01-29T14:33:26.602000+00:00,1466441113437999259,1,MOO IMBALANCE S&P 500: 387.4 MLN NASDAQ 100: 82.2 MLN DOW 30: 82.3 MLN MAG 7: 56.4 MLN $MACRO
2026-01-29T15:02:12.192000+00:00,1466448351087034521,1,"US FACTORY ORDERS MOM ACTUAL 2.7% (FORECAST 1.6%, PREVIOUS -1.3%) $MACRO US DURABLE GOODS REVISED ACTUAL 5.3% (FORECAST -, PREVIOUS 5.3%) $MACRO US WHOLESALE SALES MOM ACTUAL 1.3% (FORECAST -0.1%, PREVIOUS -0.4%) $MACRO US WHOLESALE INVENTORIES MOM REVISED ACTUAL 0.2% (FORECAST 0.2%, PREVIOUS 0.2%) $MACRO"
2026-01-29T17:19:26.771000+00:00,1466482889414676687,1,Trump on Economy: Going to announce the head of the Fed next week.
2026-01-29T20:37:26.162000+00:00,1466532715192127652,1,Amazon in talks to invest up to $50b in OpenAI - WSJ $AMZN
2026-01-29T20:53:30.897000+00:00,1466536761583997046,1,MOC IMBALANCE S&P 500: 1506.6 MLN NASDAQ 100: 1172.9 MLN DOW 30: 322.8 MLN MAG 7: 651.5 MLN $MACRO
2026-01-29T23:34:15.465000+00:00,1466577213833875631,1,"JAPANESE JOBS/APPLICANTS RATIO ACTUAL 1.19 (FORECAST 1.18, PREVIOUS 1.18) $MACRO Tokyo area January overall CPI increases 1.5% year on year government Tokyo area January consumer price index excluding fresh food and energy prices increases 2.4% year on year government Tokyo area January core CPI rises 2.0% year on year government according to source poll 2.2% Japan December jobs-applicants ratio rises to 1.19 from 1.18 in November - government According to source poll 1.18 Japan December seasonally adjusted jobless rate 2.6 percent government According to source poll 2.6 percent"
2026-01-29T23:34:15.465000+00:00,1466577213833875631,2,"TOKYO CORE CPI YOY ACTUAL 2.0% (FORECAST 2.2%, PREVIOUS 2.3%) $MACRO"
2026-01-29T23:34:15.465000+00:00,1466577213833875631,3,"JAPANESE UNEMPLOYMENT RATE ACTUAL 2.6% (FORECAST 2.6%, PREVIOUS 2.6%) $MACRO"
2026-01-29T23:34:15.465000+00:00,1466577213833875631,4,"TOKYO CPI OVERALL ACTUAL 1.5% (FORECAST 1.7%, PREVIOUS 2.0%) $MACRO Trump: Canada is effectively banning sale of Gulfstream products in Canada through this same certification process U.S. House Speaker Mike Johnson: I am not confident that a government shutdown will be avoided Trump: if for any reason this situation is not immediately corrected, I am going to charge Canada a 50% tariff on any and all aircraft sold into US Tokyo area January overall consumer inflation slows to below 2 percent for first time since October 2024 Tokyo area January overall CPI rises at slowest pace since March 2022"
2026-01-29T23:52:21.369000+00:00,1466581768445493400,1,"⚠️ BREAKING: JAPANESE INDUSTRIAL OUTPUT PRELIM MOM SA ACTUAL -0.1% (FORECAST -0.4%, PREVIOUS -2.7%) $MACRO Japan December industrial output down 0.1% month on month - government according to source poll down 0.4% Japan December retail sales down 0.9% year on year, government according to source poll: up 0.7%"
2026-01-30T06:31:40.777000+00:00,1466682261486436510,1,"FRENCH GDP QOQ PRELIM ACTUAL 0.2% (FORECAST 0.2%, PREVIOUS 0.5%) $MACRO"
2026-01-30T08:56:46.978000+00:00,1466718777939857430,1,"⚠️ BREAKING: GERMAN UNEMPLOYMENT CHANGE SA ACTUAL 0K (FORECAST 3K, PREVIOUS 3K) $MACRO GERMAN UNEMPLOYMENT TOTAL NSA ACTUAL 3.085M (FORECAST -, PREVIOUS 2.910M) $MACRO"
2026-01-30T08:56:46.978000+00:00,1466718777939857430,2,"GERMAN UNEMPLOYMENT RATE ACTUAL 6.3% (FORECAST 6.3%, PREVIOUS 6.3%) $MACRO GERMAN UNEMPLOYMENT TOTAL SA ACTUAL 2.976M (FORECAST -, PREVIOUS 2.977M) $MACRO"
2026-01-30T09:02:53.942000+00:00,1466720317098430620,1,"GERMAN GDP QOQ FLASH ACTUAL 0.3% (FORECAST 0.2%, PREVIOUS 0.0%) $MACRO"
2026-01-30T09:02:53.942000+00:00,1466720317098430620,2,"GERMAN GDP YOY NSA FLASH ACTUAL 0.6% (FORECAST 0.4%, PREVIOUS 0.3%) $MACRO ECB Poll: Eurozone consumers raise 5-year-ahead inflation expectations to 2.4%, the highest since the survey began, from 2.2% China 2025 services trade deficit $189.8 bln - FX regulator China December services trade deficit $13.7 bln - FX Regulator"
2026-01-30T10:01:44.388000+00:00,1466735124862472285,1,"⚠️ BREAKING: EUROZONE GDP QOQ PRELIM FLASH ACTUAL 0.3% (FORECAST 0.2%, PREVIOUS 0.3%) $MACRO"
2026-01-30T10:01:44.388000+00:00,1466735124862472285,2,"EUROZONE GDP YOY PRELIM FLASH ACTUAL 1.3% (FORECAST 1.3%, PREVIOUS 1.4%) $MACRO"
2026-01-30T10:01:44.388000+00:00,1466735124862472285,3,"EUROZONE UNEMPLOYMENT RATE ACTUAL 6.2% (FORECAST 6.3%, PREVIOUS 6.3%) $MACRO"
2026-01-30T11:51:20.902000+00:00,1466762708761448560,1,Trump: I am nominating Kevin Warsh to be chairman of the Board of Governors of Federal reserve system
2026-01-30T11:58:53.099000+00:00,1466764605413130375,1,Traders continue to price two rate cuts from Fed this year.
2026-01-30T12:20:27.055000+00:00,1466770032657956955,1,Money markets wager on more than two 25bps Fed cuts this year
2026-01-30T13:03:40.755000+00:00,1466780911423983747,1,"GERMAN CPI YOY PRELIM ACTUAL 2.1% (FORECAST 1.9%, PREVIOUS 1.8%) $MACRO GERMAN HICP MOM PRELIM ACTUAL -0.1% (FORECAST -0.2%, PREVIOUS 0.2%) $MACRO"
2026-01-30T13:03:40.755000+00:00,1466780911423983747,2,"GERMAN HICP YOY PRELIM ACTUAL 2.1% (FORECAST 2%, PREVIOUS 2.0%) $MACRO GERMAN CPI MOM PRELIM ACTUAL 0.1% (FORECAST 0%, PREVIOUS 0.0%) $MACRO Secured overnight financing rate: 3.65% January 29th vs 3.64% January 28th"
2026-01-30T13:31:48.290000+00:00,1466787989458784367,1,"CANADIAN GDP MOM ACTUAL 0% (FORECAST 0.1%, PREVIOUS -0.3%) $MACRO"
2026-01-30T13:31:48.290000+00:00,1466787989458784367,2,"US PPI MOM ACTUAL 0.5% (FORECAST 0.2%, PREVIOUS 0.2%) $MACRO"
2026-01-30T13:31:48.290000+00:00,1466787989458784367,3,"US CORE PPI MOM ACTUAL 0.7% (FORECAST 0.2%, PREVIOUS 0.0%) $MACRO"
2026-01-30T13:31:48.290000+00:00,1466787989458784367,4,"⚠️ BREAKING: US PPI YOY ACTUAL 3% (FORECAST 2.8%, PREVIOUS 3.0%) $MACRO"
2026-01-30T13:31:48.290000+00:00,1466787989458784367,5,"US CORE PPI YOY ACTUAL 3.3% (FORECAST 2.9%, PREVIOUS 3.0%) $MACRO"
2026-01-30T14:33:42.284000+00:00,1466803567078936778,1,MOO IMBALANCE S&P 500: -239.2 MLN NASDAQ 100: 5.2 MLN DOW 30: -37.0 MLN MAG 7: 4.2 MLN $MACRO
2026-01-30T17:06:32.559000+00:00,1466842030000046142,1,"Trump: We're sending ships to Iran, we'll see what happens if no deal."
2026-01-30T17:18:57.315000+00:00,1466845153733116206,1,"Trump: Warsh didn't commit to cutting interest rates; it would be inappropriate to ask him to cut rates. I'll probably talk about cutting rates with him, Warsh wants to cut rates. Trump: Warsh will cut rates without white house pressure. Trump on Iran Deadline: Only they know for sure."
2026-01-30T18:34:05.779000+00:00,1466864063601574001,1,"Fed's Musalem: Further interest rate cuts are not advisable. Policy is now neutral and the economy does not need stimulus. Fed's Musalem: I expect inflation to decline towards 2%, but I see a risk it could remain above 2% for longer. Fed's Musalem: Not all of the current inflation is from tariffs. Fed's Musalem: Risk of a significant job market downturn has fallen. Fed's Musalem: I hope productivity growth continues, but it's too early to depend on it. Fed's Musalem: Risks are balanced. Further rate cuts are only needed if the job market were to decay or inflation falls."
2026-01-30T20:53:52.895000+00:00,1466899241715630100,1,MOC IMBALANCE S&P 500: 1864.3 MLN NASDAQ 100: 522.3 MLN DOW 30: -193.9 MLN MAG 7: 336.4 MLN $MACRO
2026-01-31T01:34:26.851000+00:00,1466969848444747980,1,"⚠️ BREAKING: CHINESE NBS MANUFACTURING PMI ACTUAL 49.3 (FORECAST 50.1, PREVIOUS 50.1) $MACRO"
2026-02-02T01:46:43.339000+00:00,1467697713230385267,1,"CHINESE MANUFACTURING PMI ACTUAL 50.3 (FORECAST 50, PREVIOUS 50.1) $MACRO"
2026-02-02T08:51:44.921000+00:00,1467804674618036372,1,"⚠️ BREAKING: FRENCH MANUFACTURING PMI ACTUAL 51.2 (FORECAST 51, PREVIOUS 51.0) $MACRO"
2026-02-02T08:56:25.173000+00:00,1467805850079854740,1,"⚠️ BREAKING: GERMAN MANUFACTURING PMI FINAL ACTUAL 49.1 (FORECAST 48.7, PREVIOUS 48.7) $MACRO"
2026-02-02T09:01:39.266000+00:00,1467807167481512031,1,"EUROZONE MANUFACTURING PMI FINAL ACTUAL 49.5 (FORECAST 49.4, PREVIOUS 49.4) $MACRO"
2026-02-02T09:31:47.377000+00:00,1467814751248711709,1,"⚠️ BREAKING: UK MANUFACTURING PMI FINAL ACTUAL 51.8 (FORECAST 51.6, PREVIOUS 51.6) $MACRO"
2026-02-02T12:01:49.035000+00:00,1467852506938740931,1,Trump launches $12 billion minerals stockpile to counter China
2026-02-02T14:35:01.805000+00:00,1467891064210853941,1,MOO IMBALANCE S&P 500: -37.5 MLN NASDAQ 100: 4.6 MLN DOW 30: 47.9 MLN MAG 7: 7.7 MLN $MACRO Canadian Manufacturing PMI January Report https://www.pmi.spglobal.com/Public/Home/PressRelease/0ca26f7e2cac4831af22c795da09604f
2026-02-02T14:48:50.719000+00:00,1467894540928159849,1,"US S&P MANUFACTURING PMI FINAL ACTUAL 52.4 (FORECAST 51.9, PREVIOUS 51.9) $MACRO US S&P Manufacturing PMI Final January Report https://www.pmi.spglobal.com/Public/Home/PressRelease/cdb24b3e6f9c4b3584cfab900d2c80df"
2026-02-02T15:02:07.093000+00:00,1467897881162944532,1,"⚠️ BREAKING: US ISM MANUFACTURING PMI ACTUAL 52.6 (FORECAST 48.5, PREVIOUS 47.9) $MACRO US ISM MFG. PRICES PAID ACTUAL 59 (FORECAST 59.3, PREVIOUS 58.5) $MACRO"
2026-02-02T16:13:27.982000+00:00,1467915836512796979,1,US Envoy Witkoff and Iran’s Foreign Minister Araghchi are expected to meet on Friday in Istanbul to discuss a possible nuclear deal - Axios.
2026-02-02T17:03:03.329000+00:00,1467928316022358087,1,"Trump: India's Modi agreed to stop buying Russian oil and to buy much more from the US and, potentially, Venezuela – Truth Social Trump: India will likewise move forward to reduce their tariffs and non-tariff barriers against the United States to zero. - Truth Social Trump on India: The US will charge a reduced reciprocal tariff, lowering it from 25% to 18%. Trump: PM also committed to buy American in addition to over $500 bln dollars of US energy, technology, agricultural, coal, and other products - Truth Social"
2026-02-02T17:14:40.563000+00:00,1467931240433848421,1,BLS won't release January jobs report on Friday - Barron's The Latest Government Shutdown Will Delay the January Jobs Report - Barron's https://www.barrons.com/articles/january-jobs-report-delayed-shutdown-5894384c?gaa_at=eafs&gaa_n=AWEtsqfhBwKy1rQQrSk04EmXuxWUYm_C8gvRXpS4BbdEtKbE_5BV6Ex1AMUS7xFcU8E%3D&gaa_ts=6980de53&gaa_sig=f70SD_KOLhBmz33BOYVsviAeiDRsoGCt4QtxYSKExqY_ezLOQwgnL561vWRJUFo6fvBfiopCX1Mp2UQR19v75A%3D%3D
2026-02-02T17:22:25.473000+00:00,1467933190407585935,1,Nvidia-OpenAI deal still on the table - CNBC citing a source. $NVDA
2026-02-02T17:34:11.593000+00:00,1467936152089657355,1,BLS: January employment report due on Friday will not be published because of the partial federal government shutdown.
2026-02-02T18:49:09.147000+00:00,1467955016198525102,1,France adopts budget after premier survives no-confidence votes.
2026-02-02T20:03:16.006000+00:00,1467973667677012019,1,"US Treasury expects to borrow $109 bln in Q2, sees end cash balance of $900 bln."
2026-02-02T20:03:16.006000+00:00,1467973667677012019,2,"US Treasury is to borrow $574 bln in Q1, sees end cash balance of $850 bln - US Treasury QRA Estimates."
2026-02-02T20:53:42.415000+00:00,1467986361356255356,1,MOC IMBALANCE S&P 500: -82.0 MLN NASDAQ 100: -461.0 MLN DOW 30: 33.9 MLN MAG 7: -316.6 MLN $MACRO
2026-02-02T21:09:09.617000+00:00,1467990250323443848,1,"OpenAI has determined it needs alternatives to NVIDIA’s latest AI chips, and in some cases, has sought alternatives since last year - sources $NVDA"
2026-02-02T21:11:01.424000+00:00,1467990719275733013,1,OpenAI unsatisfied with the speed at which Nvidia’s hardware can spit out answers to ChatGPT users for complex problems - Sources. $NVDA
2026-02-03T00:33:04.272000+00:00,1468041566185853090,1,"AUSTRALIAN BUILDING APPROVALS ACTUAL -14.9% (FORECAST -6.4%, PREVIOUS 15.2%) $MACRO AUSTRALIAN PRIVATE HOUSE APPROVALS ACTUAL 0.4% (FORECAST -, PREVIOUS 1.3%) $MACRO Australia December building approvals down 14.9 percent month on month seasonally adjusted Australia December private sector house approvals up 0.4 percent month on month seasonally adjusted"
2026-02-03T03:32:24.245000+00:00,1468086696783642708,1,"⚠️ BREAKING: RBA CASH RATE ACTUAL 3.85% (FORECAST 3.85%, PREVIOUS 3.60%) $MACRO"
2026-02-03T07:46:32.462000+00:00,1468150652440936512,1,"FRENCH CPI MOM NSA PRELIM ACTUAL -0.3% (FORECAST -0.1%, PREVIOUS 0.1%) $MACRO"
2026-02-03T07:46:32.462000+00:00,1468150652440936512,2,"FRENCH CPI YOY NSA PRELIM ACTUAL 0.3% (FORECAST 0.6%, PREVIOUS 0.8%) $MACRO"
2026-02-03T07:46:32.462000+00:00,1468150652440936512,3,"FRENCH HICP YOY PRELIM ACTUAL 0.4% (FORECAST 0.6%, PREVIOUS 0.7%) $MACRO"
2026-02-03T14:33:23.329000+00:00,1468253039038300379,1,MOO IMBALANCE S&P 500: 35.1 MLN NASDAQ 100: -5.6 MLN DOW 30: 53.2 MLN MAG 7: -22.6 MLN $MACRO
2026-02-03T15:14:42.947000+00:00,1468263439309738108,1,US plans to issue a licence for companies to pump Venezuelan oil.
2026-02-03T17:16:37.790000+00:00,1468294119985254442,1,⚠️ BREAKING: us official: US military shot down an Iranian drone that approached US Navy aircraft carrier in the Arabian Sea.
2026-02-03T18:04:32.139000+00:00,1468306175878627552,1,Intel CEO: Knowledgeable people told him US is behind China now on open source AI - Cisco AI Summit. $INTC
2026-02-03T19:12:32.156000+00:00,1468323288710381570,1,US House approves funds to end government shutdown. Sends to Trump for signing into law.
2026-02-03T20:53:06.247000+00:00,1468348597522403532,1,MOC IMBALANCE S&P 500: 1395.9 MLN NASDAQ 100: 677.9 MLN DOW 30: 205.0 MLN MAG 7: 349.1 MLN $MACRO
2026-02-03T21:44:13.532000+00:00,1468361462648148210,1,Trump: We don't want a repeat of Midnight Hammer with Iran. Trump: We are negotiating with Iran right now. Trump: There's more than one meeting with Iran.
2026-02-03T21:47:20.338000+00:00,1468362246169297109,1,"NEW ZEALAND UNEMPLOYMENT RATE ACTUAL 5.4% (FORECAST 5.3%, PREVIOUS 5.3%) $MACRO NEW ZEALAND PARTICIPATION RATE ACTUAL 70.5% (FORECAST 70.3%, PREVIOUS 70.3%) $MACRO NEW ZEALAND JOB GROWTH QOQ ACTUAL 0.5% (FORECAST 0.3%, PREVIOUS 0.0%) $MACRO US API GASOLINE STOCK CHANGE ACTUAL 4.7M (FORECAST -, PREVIOUS -0.415M) $MACRO"
2026-02-04T01:46:55.565000+00:00,1468422540241408003,1,"CHINESE SERVICES PMI ACTUAL 52.3 (FORECAST 52, PREVIOUS 52.0) $MACRO ratingdog China general services PMI at 52.3 in January versus 52.0 in December"
2026-02-04T08:56:34.320000+00:00,1468530664176484467,1,"GERMAN COMPOSITE PMI FINAL ACTUAL 52.1 (FORECAST 52.5, PREVIOUS 52.5) $MACRO"
2026-02-04T08:56:34.320000+00:00,1468530664176484467,2,"⚠️ BREAKING: GERMAN SERVICES PMI FINAL ACTUAL 52.4 (FORECAST 53.3, PREVIOUS 53.3) $MACRO"
2026-02-04T09:31:45.505000+00:00,1468539519128043696,1,"⚠️ BREAKING: UK SERVICES PMI FINAL ACTUAL 54 (FORECAST 54.3, PREVIOUS 54.3) $MACRO"
2026-02-04T09:31:45.505000+00:00,1468539519128043696,2,"UK COMPOSITE PMI FINAL ACTUAL 53.7 (FORECAST 53.9, PREVIOUS 53.9) $MACRO"
2026-02-04T10:02:19.059000+00:00,1468547209611051049,1,"EUROZONE CORE CPI YOY FLASH ACTUAL 2.2% (FORECAST 2.3%, PREVIOUS 2.3%) $MACRO"
2026-02-04T10:02:19.059000+00:00,1468547209611051049,2,"⚠️ BREAKING: EUROZONE CPI YOY FLASH ACTUAL 1.7% (FORECAST 1.7%, PREVIOUS 1.9%) $MACRO EUROZONE PPI YOY ACTUAL -2.1% (FORECAST -2.1%, PREVIOUS -1.7%) $MACRO"
2026-02-04T13:16:49.611000+00:00,1468596159454122045,1,"US ADP EMPLOYMENT CHANGE ACTUAL 22K (FORECAST 45K, PREVIOUS 41K) $MACRO"
2026-02-04T14:32:58.344000+00:00,1468615322108956804,1,MOO IMBALANCE S&P 500: 151.7 MLN NASDAQ 100: 23.3 MLN DOW 30: 47.6 MLN MAG 7: 19.8 MLN $MACRO
2026-02-04T14:47:45.992000+00:00,1468619045174771886,1,"US S&P SERVICES PMI FINAL ACTUAL 52.7 (FORECAST 52.5, PREVIOUS 52.5) $MACRO"
2026-02-04T15:02:05.283000+00:00,1468622649302450241,1,"⚠️ BREAKING: US ISM SERVICES PMI ACTUAL 53.8 (FORECAST 53.5, PREVIOUS 54.4) $MACRO"
2026-02-04T15:32:31.220000+00:00,1468630307837186102,1,"EIA CRUDE OIL INVENTORIES ACTUAL -3.455M (FORECAST -0.639M, PREVIOUS -2.295M) $MACRO"
2026-02-04T17:31:10.380000+00:00,1468660167758450728,1,⚠️ BREAKING: The nuclear talks were canceled on Friday.
2026-02-04T17:34:14.195000+00:00,1468660938734309597,1,US Officials: Plans for Iran nuclear talks are collapsing - Axios. https://www.axios.com/2026/02/04/iran-nuclear-talks-canceled-witkoff
2026-02-04T17:36:01.509000+00:00,1468661388841975980,1,US told Iran it will not agree to to change the location and format of talks planned for Friday - Axios.
2026-02-04T17:51:49.567000+00:00,1468665365285568587,1,Senior Iranian Official: Tehran is fully ready to hold talks with the US only on the nuclear issue.
2026-02-04T19:07:12.589000+00:00,1468684336214839448,1,Trump: Iran's Supreme Leader should be very worried now.
2026-02-04T19:52:41.849000+00:00,1468695783560974462,1,Iran's Foreign Minister: Nuclear talks with the US are scheduled to be held in Muscat at about 10 AM Friday.
2026-02-04T20:52:58.663000+00:00,1468710953578401915,1,MOC IMBALANCE S&P 500: 1150.9 MLN NASDAQ 100: 87.1 MLN DOW 30: 270.4 MLN MAG 7: 57.4 MLN $MACRO
2026-02-05T00:31:57.464000+00:00,1468766061703856241,1,"AUSTRALIAN EXPORTS ACTUAL 1.0% (FORECAST -, PREVIOUS -2.9%) $MACRO Australia December goods imports down 0.8% month on month, seasonally adjusted"
2026-02-05T00:31:57.464000+00:00,1468766061703856241,2,"AUSTRALIAN IMPORTS ACTUAL -0.8% (FORECAST -, PREVIOUS 0.2%) $MACRO Australia December goods exports up 1 percent month over month, seasonally adjusted Australia December balance goods Australian dollar 3,373 million, seasonally adjusted according to source poll: Australian dollar 3,250 million AUSTRALIAN TRADE BALANCE ACTUAL 3,373M (FORECAST 3500M, PREVIOUS 2,936M) $MACRO"
2026-02-05T12:01:50.810000+00:00,1468939677980426373,1,"⚠️ BREAKING: BOE BANK RATE ACTUAL 3.75% (FORECAST 3.75%, PREVIOUS 3.75%) $MACRO"
2026-02-05T12:12:02.194000+00:00,1468942242311049367,1,"Money markets price in 50 bps worth of BoE rate cuts by year-end, up from 35 bps before boe statement"
2026-02-05T12:35:18.023000+00:00,1468948096841941226,1,"GERMAN INDUSTRIAL ORDERS MOM ACTUAL 7.8% (FORECAST -, PREVIOUS 5.6% ,REVISION 5.7%) $MACRO FRENCH INDUSTRIAL PRODUCTION MOM ACTUAL -0.7% (FORECAST -, PREVIOUS -0.1%) $MACRO EUROZONE CONSTRUCTION PMI ACTUAL 45.3 (FORECAST -, PREVIOUS 47.4) $MACRO"
2026-02-05T13:16:37.998000+00:00,1468958498611007688,1,"ECB INTEREST RATE ACTUAL 2.15% (FORECAST 2.15%, PREVIOUS 2.15%) $MACRO"
2026-02-05T13:16:37.998000+00:00,1468958498611007688,2,"⚠️ BREAKING: ECB DEPOSIT RATE ACTUAL 2% (FORECAST 2%, PREVIOUS 2.00%) $MACRO"
2026-02-05T13:33:31.174000+00:00,1468962748179284019,1,"US INITIAL JOBLESS CLAIMS ACTUAL 231K (FORECAST 212K, PREVIOUS 209K) $MACRO"
2026-02-05T14:33:09.707000+00:00,1468977757634433047,1,MOO IMBALANCE S&P 500: -110.4 MLN NASDAQ 100: 37.7 MLN DOW 30: -39.8 MLN MAG 7: 32.4 MLN $MACRO
2026-02-05T15:02:32.088000+00:00,1468985149596242016,1,"US JOLTS JOB OPENINGS ACTUAL 6.542M (FORECAST 7.25M, PREVIOUS 7.146M) $MACRO"
2026-02-05T17:28:52.842000+00:00,1469021978747732107,1,"BoC's Gov. Macklem: Transition to new economy could be more painful than we'd like. BoC's Gov. Macklem: Canada needs to lean into structural change to avoid worst-case scenario. BoC's Gov. Macklem: It is hard to differentiate structural change from cyclical fluctuations. We must be careful not to misdiagnose economic weakness. BoC's Gov. Macklem: BoC is not expecting the unemployment rate to trend higher, given how little growth there is in the labor force. BoC's Gov. Macklem: Lowering rates in face of weak economy could stoke inflation if the weakness is due to lower productive capacity inste…"
2026-02-05T19:34:49.098000+00:00,1469053671982764132,1,"Iran's Press TV: One of the country’s most advanced long-range ballistic missiles, Khorramshahr 4, has been deployed at the underground missile city. Khorramshahr 4 has a range of 2,000 KM, capable of carrying a 1,500 KG warhead."
2026-02-05T20:53:01.739000+00:00,1469073354345546002,1,MOC IMBALANCE S&P 500: 308.7 MLN NASDAQ 100: -37.6 MLN DOW 30: 253.6 MLN MAG 7: 25.3 MLN $MACRO
2026-02-05T22:02:42.226000+00:00,1469090888578896060,1,Japan ruling parties set to win over 300 seats - Nikkei poll
2026-02-06T07:01:33.767000+00:00,1469226496890765353,1,"GERMAN INDUSTRIAL PRODUCTION MOM ACTUAL -1.9% (FORECAST -0.3%, PREVIOUS 0.8%) $MACRO"
2026-02-06T07:01:33.767000+00:00,1469226496890765353,2,"GERMAN INDUSTRIAL PRODUCTION YOY SA ACTUAL -0.6% (FORECAST 1.9%, PREVIOUS 0.76%) $MACRO GERMAN TRADE BALANCE SA ACTUAL 17.1B (FORECAST 14.1B, PREVIOUS 13.1B) $MACRO"
2026-02-06T13:31:53.881000+00:00,1469324727968595989,1,"⚠️ BREAKING: CANADIAN EMPLOYMENT CHANGE ACTUAL -24.8K (FORECAST 5K, PREVIOUS 8.2K) $MACRO"
2026-02-06T13:31:53.881000+00:00,1469324727968595989,2,"CANADIAN UNEMPLOYMENT RATE ACTUAL 6.5% (FORECAST 6.8%, PREVIOUS 6.8%) $MACRO CANADIAN AVERAGE HOURLY EARNINGS YOY ACTUAL 3.3% (FORECAST 3.7%, PREVIOUS 3.70%) $MACRO CANADIAN PARTICIPATION RATE ACTUAL 65% (FORECAST 65.4%, PREVIOUS 65.4%) $MACRO"
2026-02-06T14:02:18.116000+00:00,1469332379364495527,1,"Iran's Foreign Minister: Negotiators will return to capitals for consultations, talks will continue. Iran: Time and place of next US talks to be decided Effective Fed funds rate 3.64% February 5th vs 3.64% February 4th. Iran's Foreign Minister: The wall of mistrust should be overcome"
2026-02-06T14:05:58.158000+00:00,1469333302287667332,1,EC Pres. von der Leyen: The 20th sanctions package contains a full maritime services ban for Russian crude. EC Pres. von der Leyen: Propose Maritime services ban with partners EC Pres. von der Leyen: Listing 20 more Russian regional banks
2026-02-06T14:33:32.571000+00:00,1469340241398730905,1,MOO IMBALANCE S&P 500: 308.1 MLN NASDAQ 100: -23.1 MLN DOW 30: 51.8 MLN MAG 7: -11.7 MLN $MACRO
2026-02-06T15:02:19.952000+00:00,1469347486559895632,1,"⚠️ BREAKING: UNIVERSITY MICHIGAN SENTIMENT PRELIM ACTUAL 57.3 (FORECAST 55, PREVIOUS 56.4) $MACRO UNIVERSITY MICHIGAN 1 YR INFLATION PRELIM ACTUAL 3.5% (FORECAST 4%, PREVIOUS 4.0%) $MACRO UNIVERSITY MICHIGAN CONDITION PRELIM ACTUAL 58.3 (FORECAST 53.7, PREVIOUS 55.4) $MACRO UNIVERSITY MICHIGAN 5 YR INFLATION PRELIM ACTUAL 3.4% (FORECAST 3.3%, PREVIOUS 3.3%) $MACRO UNIVERSITY MICHIGAN EXPECTATIONS PRELIM ACTUAL 56.6 (FORECAST 55.1, PREVIOUS 57.0) $MACRO"
2026-02-06T15:04:57.795000+00:00,1469348148601421857,1,Iran refuses to end nuclear enrichment in talks with the US - WSJ Iran refuses to end nuclear enrichment in talks with the US - WSJ https://www.wsj.com/world/middle-east/u-s-and-iran-gather-for-high-stakes-nuclear-talks-f4c6174e
2026-02-06T20:54:32.750000+00:00,1469436123939078174,1,"Fed's Daly: If the job market goes from no firing to some firing, the Fed may need to cut rates. Fed's Daly: I see more vulnerability in the labor market than in inflation. Fed's Daly: I would be comfortable holding rates steady for longer if inflation kicks back up."
2026-02-06T20:54:32.750000+00:00,1469436123939078174,2,MOC IMBALANCE S&P 500: -298.6 MLN NASDAQ 100: 117.7 MLN DOW 30: 27.6 MLN MAG 7: -75.4 MLN $MACRO
2026-02-08T14:38:31.890000+00:00,1470066272564936737,1,Takaichi vows to expedite talks on cutting sales tax - Nikkei Asia https://asia.nikkei.com/politics/japan-election/japan-election-live-voting-enters-final-hour-turnout-down
2026-02-08T14:40:23.934000+00:00,1470066742511534324,1,Exit polls for Japan's lower house election on Sunday indicate that PM Takaichi's ruling LDP is set to win a single-party majority - Nikkei.
2026-02-08T14:58:31.881000+00:00,1470071305691725970,1,Finance Minister Katayama: Using FX reserves to fund tax cuts or spending requires a professional approach and is not easy.
2026-02-08T15:00:10.393000+00:00,1470071718881132787,1,"Finance Minister Katayama: It may be possible to tap FX reserves to fund state spending, though this could create issues if reserves are also needed for intervention."
